AQI,Humidity,Temperature,Pressure,GasResistance,RSSI,Timestamp,Location
0.0,45.31,25.98,1009.41,198.75,-113,2026-01-21T17:08:10.844807,Block-2
0.0,45.21,26.0,1009.4,198.99,-113,2026-01-21T17:08:15.201639,Block-2
0.0,45.14,26.01,1009.41,198.63,-112,2026-01-21T17:08:19.558689,Block-2
0.0,45.0,26.02,1009.41,200.09,-113,2026-01-21T17:08:23.916033,Block-2
15.22,44.85,26.03,1009.4,200.34,-113,2026-01-21T17:08:28.273304,Block-2
15.22,44.87,26.04,1009.4,194.26,-113,2026-01-21T17:08:32.630883,Block-2
15.22,45.0,26.05,1009.41,199.48,-113,2026-01-21T17:08:36.987803,Block-2
36.96,44.85,26.06,1009.4,200.09,-113,2026-01-21T17:08:41.345140,Block-2
0.0,44.7,26.07,1009.4,200.34,-113,2026-01-21T17:08:45.703045,Block-2
0.0,44.71,26.08,1009.42,198.39,-113,2026-01-21T17:08:50.058570,Block-2
15.22,44.94,26.09,1009.4,196.24,-114,2026-01-21T17:08:54.415922,Block-2
15.22,45.21,26.1,1009.42,196.24,-114,2026-01-21T17:08:58.772756,Block-2
0.0,45.33,26.1,1009.41,195.77,-113,2026-01-21T17:09:03.129906,Block-2
15.22,45.49,26.1,1009.41,196.48,-113,2026-01-21T17:09:07.487541,Block-2
15.22,45.57,26.1,1009.42,197.19,-113,2026-01-21T17:09:11.845112,Block-2
80.43,45.48,26.09,1009.41,198.63,-113,2026-01-21T17:09:16.201825,Block-2
102.17,45.28,26.08,1009.41,199.85,-114,2026-01-21T17:09:20.559353,Block-2
102.17,45.12,26.07,1009.41,199.97,-114,2026-01-21T17:09:24.916821,Block-2
102.17,44.89,26.06,1009.4,200.7,-114,2026-01-21T17:09:29.273225,Block-2
102.17,44.62,26.04,1009.4,201.94,-114,2026-01-21T17:09:33.631520,Block-2
80.43,44.45,26.03,1009.39,202.57,-114,2026-01-21T17:09:37.987087,Block-2
102.17,44.33,26.01,1009.4,202.57,-115,2026-01-21T17:09:42.345659,Block-2
58.7,44.27,26.0,1009.4,203.07,-114,2026-01-21T17:09:46.701903,Block-2
58.7,44.17,25.99,1009.4,203.32,-114,2026-01-21T17:09:51.059709,Block-2
15.22,44.05,25.98,1009.41,204.34,-114,2026-01-21T17:09:55.416175,Block-2
145.65,44.01,25.97,1009.41,203.2,-114,2026-01-21T17:09:59.773615,Block-2
102.17,44.0,25.95,1009.41,203.07,-113,2026-01-21T17:10:04.130872,Block-2
58.7,44.12,25.95,1009.4,202.57,-114,2026-01-21T17:10:08.487353,Block-2
80.43,44.26,25.94,1009.41,201.69,-113,2026-01-21T17:10:12.844884,Block-2
123.91,44.47,25.94,1009.41,201.69,-114,2026-01-21T17:10:17.203010,Block-2
102.17,44.52,25.93,1009.41,202.44,-114,2026-01-21T17:10:21.558577,Block-2
58.7,44.56,25.93,1009.42,203.45,-115,2026-01-21T17:10:25.916697,Block-2
58.7,44.37,25.93,1009.41,202.07,-114,2026-01-21T17:10:30.272817,Block-2
80.43,44.32,25.92,1009.41,202.57,-113,2026-01-21T17:10:34.762443,Block-2
80.43,44.3,25.92,1009.41,203.2,-114,2026-01-21T17:10:39.119969,Block-2
80.43,44.27,25.92,1009.4,200.34,-114,2026-01-21T17:10:43.477206,Block-2
102.17,44.29,25.93,1009.41,202.95,-114,2026-01-21T17:10:47.833521,Block-2
102.17,44.23,25.94,1009.41,201.32,-114,2026-01-21T17:10:52.190886,Block-2
80.43,44.31,25.95,1009.42,201.57,-113,2026-01-21T17:10:56.548722,Block-2
58.7,44.41,25.96,1009.42,200.7,-113,2026-01-21T17:11:00.904872,Block-2
58.7,44.46,25.96,1009.43,201.69,-114,2026-01-21T17:11:05.261992,Block-2
58.7,44.54,25.96,1009.42,198.99,-114,2026-01-21T17:11:09.619212,Block-2
58.7,44.61,25.95,1009.42,198.27,-114,2026-01-21T17:11:13.978021,Block-2
58.7,44.69,25.94,1009.41,199.48,-115,2026-01-21T17:11:18.333553,Block-2
36.96,44.82,25.93,1009.42,200.09,-114,2026-01-21T17:11:22.690841,Block-2
36.96,44.94,25.92,1009.42,199.6,-114,2026-01-21T17:11:27.048490,Block-2
80.43,45.09,25.91,1009.43,197.31,-114,2026-01-21T17:11:31.404874,Block-2
58.7,45.22,25.9,1009.42,198.99,-114,2026-01-21T17:11:35.763059,Block-2
15.22,45.21,25.89,1009.43,195.31,-114,2026-01-21T17:11:40.119662,Block-2
58.7,45.09,25.87,1009.42,199.72,-113,2026-01-21T17:11:44.476593,Block-2
15.22,44.85,25.86,1009.43,200.7,-114,2026-01-21T17:11:48.832912,Block-2
102.17,44.71,25.85,1009.42,202.07,-113,2026-01-21T17:11:53.191069,Block-2
58.7,44.74,25.84,1009.41,200.09,-113,2026-01-21T17:11:57.548213,Block-2
58.7,44.89,25.83,1009.43,198.99,-114,2026-01-21T17:12:01.904626,Block-2
58.7,44.93,25.82,1009.44,199.36,-114,2026-01-21T17:12:06.262370,Block-2
80.43,45.11,25.8,1009.42,198.63,-114,2026-01-21T17:12:10.618736,Block-2
36.96,45.33,25.79,1009.42,198.15,-114,2026-01-21T17:12:14.976638,Block-2
58.7,45.39,25.77,1009.43,197.07,-113,2026-01-21T17:12:19.333349,Block-2
58.7,45.39,25.74,1009.43,199.85,-113,2026-01-21T17:12:23.690902,Block-2
58.7,45.36,25.72,1009.44,199.72,-114,2026-01-21T17:12:28.047874,Block-2
102.17,45.42,25.69,1009.42,198.99,-115,2026-01-21T17:12:32.404966,Block-2
58.7,45.42,25.67,1009.44,200.34,-115,2026-01-21T17:12:36.761468,Block-2
80.43,45.44,25.65,1009.43,197.91,-114,2026-01-21T17:12:41.118965,Block-2
58.7,45.61,25.64,1009.45,198.03,-114,2026-01-21T17:12:45.476430,Block-2
80.43,45.79,25.62,1009.45,198.87,-114,2026-01-21T17:12:49.833685,Block-2
58.7,45.83,25.6,1009.45,197.07,-114,2026-01-21T17:12:54.190897,Block-2
58.7,45.81,25.58,1009.45,195.54,-114,2026-01-21T17:12:58.547687,Block-2
58.7,45.75,25.56,1009.46,199.97,-114,2026-01-21T17:13:02.904504,Block-2
58.7,45.75,25.55,1009.47,199.24,-114,2026-01-21T17:13:07.261132,Block-2
58.7,45.79,25.54,1009.46,198.99,-114,2026-01-21T17:13:11.619966,Block-2
58.7,45.8,25.53,1009.47,198.99,-114,2026-01-21T17:13:15.976250,Block-2
58.7,45.82,25.52,1009.47,196.48,-115,2026-01-21T17:13:20.333638,Block-2
0.0,45.88,25.51,1009.47,196.84,-114,2026-01-21T17:13:24.691274,Block-2
36.96,45.86,25.51,1009.46,196.36,-114,2026-01-21T17:13:29.047314,Block-2
36.96,45.92,25.51,1009.47,195.77,-113,2026-01-21T17:13:33.405480,Block-2
58.7,46.02,25.51,1009.47,195.19,-114,2026-01-21T17:13:37.762268,Block-2
58.7,46.2,25.5,1009.49,194.38,-115,2026-01-21T17:13:42.119926,Block-2
58.7,46.29,25.5,1009.48,195.19,-115,2026-01-21T17:13:46.476251,Block-2
58.7,46.19,25.5,1009.49,194.15,-115,2026-01-21T17:13:50.833298,Block-2
80.43,45.97,25.49,1009.48,195.89,-115,2026-01-21T17:13:55.190456,Block-2
58.7,45.77,25.49,1009.47,195.19,-114,2026-01-21T17:13:59.548413,Block-2
58.7,45.6,25.48,1009.48,198.03,-115,2026-01-21T17:14:03.904792,Block-2
58.7,45.56,25.47,1009.48,197.19,-115,2026-01-21T17:14:08.261558,Block-2
15.22,45.57,25.45,1009.48,196.24,-116,2026-01-21T17:14:12.619372,Block-2
0.0,45.57,25.44,1009.47,197.91,-115,2026-01-21T17:14:16.976552,Block-2
58.7,45.46,25.42,1009.47,200.21,-115,2026-01-21T17:14:25.691208,Block-2
58.7,46.18,25.36,1009.48,196.36,-115,2026-01-21T17:14:51.936095,Block-2
36.96,46.05,25.34,1009.48,196.13,-115,2026-01-21T17:14:56.292825,Block-2
36.96,45.97,25.32,1009.48,195.89,-115,2026-01-21T17:15:00.649047,Block-2
58.7,46.02,25.31,1009.49,196.01,-115,2026-01-21T17:15:05.005495,Block-2
0.0,46.21,25.3,1009.49,194.03,-115,2026-01-21T17:15:09.362890,Block-2
36.96,46.39,25.29,1009.5,189.97,-115,2026-01-21T17:15:13.720066,Block-2
58.7,46.61,25.28,1009.49,191.87,-114,2026-01-21T17:15:18.078038,Block-2
58.7,46.63,25.27,1009.48,192.21,-114,2026-01-21T17:15:22.436032,Block-2
36.96,46.55,25.26,1009.49,193.69,-114,2026-01-21T17:15:26.792255,Block-2
58.7,46.48,25.24,1009.49,194.38,-114,2026-01-21T17:15:31.150415,Block-2
58.7,46.4,25.22,1009.49,195.42,-114,2026-01-21T17:15:35.506296,Block-2
36.96,46.38,25.2,1009.5,195.66,-115,2026-01-21T17:15:39.863308,Block-2
80.43,46.35,25.18,1009.51,195.31,-113,2026-01-21T17:15:44.220504,Block-2
58.7,46.32,25.15,1009.51,196.24,-114,2026-01-21T17:15:48.578361,Block-2
58.7,46.34,25.13,1009.51,195.42,-114,2026-01-21T17:15:52.935415,Block-2
15.22,46.39,25.1,1009.51,194.73,-114,2026-01-21T17:15:57.292312,Block-2
36.96,46.54,25.08,1009.51,196.96,-113,2026-01-21T17:16:01.649763,Block-2
58.7,46.66,25.06,1009.51,192.77,-114,2026-01-21T17:16:06.007006,Block-2
80.43,47.12,25.02,1009.52,192.89,-114,2026-01-21T17:16:10.363149,Block-2
102.17,47.42,25.03,1009.52,194.49,-114,2026-01-21T17:16:14.720230,Block-2
58.7,47.34,25.04,1009.51,194.61,-114,2026-01-21T17:16:19.077640,Block-2
36.96,47.2,25.04,1009.51,195.19,-115,2026-01-21T17:16:23.435266,Block-2
58.7,47.24,25.04,1009.51,192.43,-116,2026-01-21T17:16:27.792699,Block-2
0.0,47.5,25.04,1009.52,192.32,-115,2026-01-21T17:16:32.148997,Block-2
58.7,47.82,25.03,1009.52,187.15,-115,2026-01-21T17:16:36.505934,Block-2
102.17,48.34,25.02,1009.52,187.79,-115,2026-01-21T17:16:40.864129,Block-2
102.17,48.55,25.01,1009.51,189.97,-115,2026-01-21T17:16:45.220963,Block-2
36.96,48.35,25.0,1009.53,192.43,-114,2026-01-21T17:16:49.577736,Block-2
36.96,48.09,24.98,1009.52,192.09,-114,2026-01-21T17:16:53.935016,Block-2
58.7,47.89,24.97,1009.51,187.79,-114,2026-01-21T17:16:58.291997,Block-2
58.7,47.98,24.95,1009.52,193.0,-114,2026-01-21T17:17:02.649993,Block-2
58.7,47.73,24.94,1009.51,193.23,-113,2026-01-21T17:17:07.006154,Block-2
36.96,47.53,24.94,1009.51,193.8,-112,2026-01-21T17:17:11.363274,Block-2
58.7,47.61,24.95,1009.52,189.97,-112,2026-01-21T17:17:15.720860,Block-2
58.7,47.96,24.96,1009.5,191.2,-111,2026-01-21T17:17:20.077121,Block-2
58.7,48.35,24.98,1009.52,188.88,-112,2026-01-21T17:17:24.434816,Block-2
58.7,48.42,25.0,1009.52,190.53,-112,2026-01-21T17:17:28.792042,Block-2
58.7,48.12,25.02,1009.52,193.92,-112,2026-01-21T17:17:33.150022,Block-2
58.7,47.92,25.04,1009.51,191.64,-112,2026-01-21T17:17:37.506022,Block-2
58.7,47.85,25.07,1009.52,192.09,-114,2026-01-21T17:17:41.863280,Block-2
15.22,47.58,25.09,1009.51,191.98,-114,2026-01-21T17:17:46.220438,Block-2
15.22,47.46,25.12,1009.53,192.43,-113,2026-01-21T17:17:50.577601,Block-2
58.7,47.4,25.12,1009.51,192.09,-113,2026-01-21T17:17:54.934705,Block-2
36.96,47.5,25.14,1009.51,191.08,-114,2026-01-21T17:17:59.291506,Block-2
15.22,48.02,25.16,1009.52,187.68,-114,2026-01-21T17:18:03.648715,Block-2
58.7,48.21,25.17,1009.51,187.57,-114,2026-01-21T17:18:08.005746,Block-2
36.96,48.08,25.19,1009.51,191.87,-113,2026-01-21T17:18:12.362888,Block-2
58.7,47.87,25.2,1009.51,184.71,-114,2026-01-21T17:18:16.719909,Block-2
58.7,47.84,25.22,1009.51,190.53,-114,2026-01-21T17:18:21.076552,Block-2
36.96,47.64,25.24,1009.51,188.88,-114,2026-01-21T17:18:25.434105,Block-2
15.22,47.37,25.26,1009.51,190.75,-114,2026-01-21T17:18:29.792483,Block-2
58.7,47.33,25.29,1009.51,188.22,-114,2026-01-21T17:18:34.148494,Block-2
58.7,47.68,25.31,1009.5,187.9,-115,2026-01-21T17:18:38.506014,Block-2
58.7,47.72,25.33,1009.5,189.97,-114,2026-01-21T17:18:42.862868,Block-2
36.96,47.58,25.35,1009.5,189.31,-114,2026-01-21T17:18:47.219663,Block-2
15.22,47.7,25.37,1009.49,187.25,-114,2026-01-21T17:18:51.578232,Block-2
15.22,47.61,25.39,1009.51,188.44,-113,2026-01-21T17:18:55.934675,Block-2
15.22,47.59,25.41,1009.51,188.55,-113,2026-01-21T17:19:00.292047,Block-2
36.96,47.75,25.43,1009.51,185.87,-113,2026-01-21T17:19:04.780958,Block-2
15.22,47.86,25.45,1009.52,187.79,-113,2026-01-21T17:19:09.138058,Block-2
58.7,48.04,25.46,1009.51,187.79,-113,2026-01-21T17:19:13.495021,Block-2
58.7,48.11,25.46,1009.52,184.92,-113,2026-01-21T17:19:17.852484,Block-2
15.22,48.63,25.47,1009.5,184.11,-114,2026-01-21T17:19:22.210161,Block-2
58.7,49.01,25.46,1009.51,178.76,-114,2026-01-21T17:19:26.566607,Block-2
36.96,49.62,25.46,1009.51,182.29,-114,2026-01-21T17:19:30.923073,Block-2
36.96,49.81,25.45,1009.52,183.9,-113,2026-01-21T17:19:35.280499,Block-2
15.22,49.59,25.44,1009.51,182.09,-113,2026-01-21T17:19:39.638919,Block-2
58.7,49.43,25.43,1009.52,182.29,-113,2026-01-21T17:19:43.995662,Block-2
80.43,49.45,25.43,1009.52,184.11,-113,2026-01-21T17:19:48.353126,Block-2
58.7,49.54,25.43,1009.51,183.09,-113,2026-01-21T17:19:52.708636,Block-2
36.96,49.51,25.42,1009.52,186.08,-114,2026-01-21T17:19:57.066632,Block-2
36.96,49.66,25.42,1009.51,179.73,-113,2026-01-21T17:20:01.422781,Block-2
36.96,49.67,25.41,1009.5,182.29,-113,2026-01-21T17:20:05.780843,Block-2
15.22,49.62,25.41,1009.5,183.9,-113,2026-01-21T17:20:10.138987,Block-2
15.22,49.78,25.4,1009.5,183.3,-113,2026-01-21T17:20:14.495653,Block-2
36.96,50.1,25.42,1009.51,181.1,-113,2026-01-21T17:20:18.852351,Block-2
51.85,68.22,23.39,1009.36,149.24,-103,2026-01-20T21:13:30.765606,Hostel Area
70.37,67.3,23.61,1009.34,154.79,-102,2026-01-20T21:13:35.122810,Hostel Area
79.63,66.59,23.78,1009.33,160.47,-102,2026-01-20T21:13:39.480410,Hostel Area
51.85,66.01,23.93,1009.33,164.28,-103,2026-01-20T21:13:43.837935,Hostel Area
42.59,65.48,24.05,1009.32,166.75,-107,2026-01-20T21:13:48.195030,Hostel Area
61.11,65.0,24.15,1009.33,168.95,-115,2026-01-20T21:13:52.551661,Hostel Area
51.85,64.58,24.24,1009.3,169.12,-98,2026-01-20T21:13:56.909130,Hostel Area
51.85,64.27,24.32,1009.31,171.04,-98,2026-01-20T21:14:01.265493,Hostel Area
61.11,63.87,24.39,1009.31,172.64,-97,2026-01-20T21:14:05.623145,Hostel Area
107.41,63.91,24.46,1009.31,172.28,-103,2026-01-20T21:14:09.980971,Hostel Area
88.89,63.68,24.52,1009.31,175.37,-99,2026-01-20T21:14:14.337703,Hostel Area
70.37,63.2,24.57,1009.3,175.93,-99,2026-01-20T21:14:18.694306,Hostel Area
79.63,62.75,24.62,1009.29,175.37,-98,2026-01-20T21:14:23.051622,Hostel Area
70.37,62.52,24.66,1009.31,174.45,-97,2026-01-20T21:14:27.407780,Hostel Area
98.15,62.31,24.7,1009.3,176.3,-98,2026-01-20T21:14:31.766207,Hostel Area
61.11,62.14,24.73,1009.31,177.24,-99,2026-01-20T21:14:36.124160,Hostel Area
135.19,61.98,24.76,1009.31,174.08,-99,2026-01-20T21:14:40.480061,Hostel Area
79.63,61.89,24.79,1009.31,175.93,-98,2026-01-20T21:14:44.837566,Hostel Area
79.63,61.7,24.81,1009.32,176.67,-98,2026-01-20T21:14:49.196312,Hostel Area
61.11,61.52,24.84,1009.32,175.55,-98,2026-01-20T21:14:53.550220,Hostel Area
70.37,61.36,24.86,1009.32,175.74,-99,2026-01-20T21:14:57.908682,Hostel Area
61.11,61.29,24.89,1009.32,175.0,-98,2026-01-20T21:15:02.266186,Hostel Area
61.11,61.37,24.91,1009.32,173.36,-98,2026-01-20T21:15:06.622985,Hostel Area
98.15,61.22,24.93,1009.31,174.63,-99,2026-01-20T21:15:10.980259,Hostel Area
70.37,61.09,24.95,1009.33,173.72,-100,2026-01-20T21:15:15.336829,Hostel Area
61.11,60.95,24.97,1009.32,174.45,-98,2026-01-20T21:15:19.694240,Hostel Area
70.37,60.83,25.0,1009.33,174.82,-98,2026-01-20T21:15:24.050888,Hostel Area
61.11,60.74,25.01,1009.32,174.08,-98,2026-01-20T21:15:28.407486,Hostel Area
70.37,60.63,25.03,1009.32,174.82,-98,2026-01-20T21:15:32.766065,Hostel Area
70.37,60.57,25.04,1009.33,174.63,-99,2026-01-20T21:15:37.122819,Hostel Area
70.37,60.47,25.06,1009.32,172.1,-98,2026-01-20T21:15:41.479993,Hostel Area
61.11,60.45,25.07,1009.33,172.1,-98,2026-01-20T21:15:45.837105,Hostel Area
51.85,60.42,25.08,1009.33,173.54,-99,2026-01-20T21:15:50.194101,Hostel Area
70.37,60.33,25.1,1009.32,173.72,-99,2026-01-20T21:15:54.552592,Hostel Area
70.37,60.28,25.11,1009.32,174.27,-100,2026-01-20T21:15:58.908752,Hostel Area
61.11,60.25,25.12,1009.32,173.54,-100,2026-01-20T21:16:03.265894,Hostel Area
79.63,60.19,25.13,1009.29,169.99,-113,2026-01-20T21:16:07.622873,Hostel Area
98.15,60.27,25.13,1009.24,167.93,-102,2026-01-20T21:16:11.980053,Hostel Area
125.93,60.4,25.13,1009.23,165.09,-100,2026-01-20T21:16:16.336782,Hostel Area
98.15,60.7,25.13,1009.24,164.44,-100,2026-01-20T21:16:20.693963,Hostel Area
79.63,60.89,25.12,1009.24,169.99,-104,2026-01-20T21:16:25.050275,Hostel Area
70.37,60.85,25.1,1009.24,166.08,-107,2026-01-20T21:16:29.408228,Hostel Area
70.37,60.78,25.08,1009.25,166.25,-103,2026-01-20T21:16:33.765606,Hostel Area
107.41,60.69,25.07,1009.23,166.75,-109,2026-01-20T21:16:38.123255,Hostel Area
42.59,60.65,25.05,1009.24,179.54,-106,2026-01-20T21:16:42.479812,Hostel Area
51.85,60.19,25.02,1009.26,189.09,-103,2026-01-20T21:16:46.836353,Hostel Area
42.59,59.62,24.99,1009.26,190.3,-100,2026-01-20T21:16:51.194374,Hostel Area
33.33,59.27,24.96,1009.25,190.75,-98,2026-01-20T21:16:55.551325,Hostel Area
51.85,59.1,24.92,1009.24,174.82,-104,2026-01-20T21:16:59.907841,Hostel Area
42.59,59.35,24.89,1009.24,188.22,-109,2026-01-20T21:17:04.264552,Hostel Area
42.59,59.28,24.85,1009.24,191.2,-111,2026-01-20T21:17:08.622360,Hostel Area
33.33,59.13,24.8,1009.23,191.87,-109,2026-01-20T21:17:12.980290,Hostel Area
33.33,59.06,24.75,1009.23,190.3,-102,2026-01-20T21:17:17.337576,Hostel Area
42.59,59.05,24.7,1009.22,190.75,-100,2026-01-20T21:17:21.694165,Hostel Area
0.0,59.0,24.65,1009.21,191.53,-102,2026-01-20T21:17:26.051493,Hostel Area
24.07,59.05,24.59,1009.24,190.97,-114,2026-01-20T21:17:30.407455,Hostel Area
14.81,59.07,24.53,1009.26,190.08,-107,2026-01-20T21:17:34.764413,Hostel Area
33.33,59.11,24.47,1009.26,189.42,-107,2026-01-20T21:17:39.121468,Hostel Area
33.33,59.23,24.41,1009.27,191.76,-107,2026-01-20T21:17:43.612002,Hostel Area
33.33,59.37,24.35,1009.27,191.08,-107,2026-01-20T21:17:47.968431,Hostel Area
33.33,59.47,24.29,1009.26,191.31,-107,2026-01-20T21:17:52.326335,Hostel Area
33.33,59.54,24.23,1009.25,190.19,-108,2026-01-20T21:17:56.682210,Hostel Area
42.59,59.58,24.18,1009.26,191.87,-108,2026-01-20T21:18:01.040168,Hostel Area
33.33,59.75,24.13,1009.25,191.42,-108,2026-01-20T21:18:05.398445,Hostel Area
42.59,59.92,24.08,1009.26,191.98,-108,2026-01-20T21:18:09.753783,Hostel Area
42.59,60.09,24.03,1009.27,191.87,-108,2026-01-20T21:18:14.111463,Hostel Area
33.33,60.22,23.99,1009.27,190.64,-108,2026-01-20T21:18:18.470142,Hostel Area
42.59,60.34,23.94,1009.28,190.64,-113,2026-01-20T21:18:22.825855,Hostel Area
33.33,60.41,23.91,1009.28,189.42,-108,2026-01-20T21:18:27.182304,Hostel Area
42.59,60.49,23.87,1009.3,191.42,-109,2026-01-20T21:18:31.539646,Hostel Area
24.07,60.6,23.83,1009.29,190.53,-110,2026-01-20T21:18:35.896782,Hostel Area
33.33,60.68,23.8,1009.3,189.42,-110,2026-01-20T21:18:40.254560,Hostel Area
33.33,60.7,23.76,1009.28,189.75,-110,2026-01-20T21:18:44.612005,Hostel Area
42.59,60.77,23.73,1009.29,190.97,-115,2026-01-20T21:18:48.968333,Hostel Area
24.07,60.75,23.69,1009.28,189.97,-107,2026-01-20T21:18:53.326198,Hostel Area
51.85,60.8,23.65,1009.29,190.75,-114,2026-01-20T21:18:57.682881,Hostel Area
33.33,60.81,23.61,1009.28,189.2,-107,2026-01-20T21:19:02.040382,Hostel Area
51.85,60.86,23.58,1009.25,189.86,-107,2026-01-20T21:19:06.396117,Hostel Area
33.33,60.98,23.54,1009.24,190.19,-103,2026-01-20T21:19:10.753049,Hostel Area
33.33,61.22,23.5,1009.26,189.97,-103,2026-01-20T21:19:15.111489,Hostel Area
42.59,61.44,23.46,1009.26,189.53,-106,2026-01-20T21:19:19.467975,Hostel Area
42.59,61.57,23.43,1009.26,189.75,-115,2026-01-20T21:19:23.826043,Hostel Area
51.85,61.75,23.4,1009.27,189.97,-111,2026-01-20T21:19:28.182236,Hostel Area
42.59,61.84,23.39,1009.28,189.2,-113,2026-01-20T21:19:32.540397,Hostel Area
24.07,61.89,23.37,1009.29,189.75,-110,2026-01-20T21:19:36.897336,Hostel Area
24.07,61.95,23.36,1009.28,189.64,-108,2026-01-20T21:19:41.254007,Hostel Area
33.33,62.0,23.35,1009.27,188.44,-107,2026-01-20T21:19:45.610847,Hostel Area
33.33,62.05,23.35,1009.28,189.2,-107,2026-01-20T21:19:49.967554,Hostel Area
14.81,62.13,23.35,1009.28,186.19,-108,2026-01-20T21:19:54.325415,Hostel Area
24.07,62.35,23.35,1009.3,187.68,-108,2026-01-20T21:19:58.682539,Hostel Area
33.33,62.41,23.36,1009.28,187.36,-106,2026-01-20T21:20:03.039715,Hostel Area
24.07,62.48,23.36,1009.29,186.19,-102,2026-01-20T21:20:07.397906,Hostel Area
14.81,62.49,23.38,1009.3,185.76,-100,2026-01-20T21:20:11.754146,Hostel Area
42.59,62.57,23.39,1009.29,185.97,-100,2026-01-20T21:20:16.111798,Hostel Area
24.07,62.63,23.4,1009.3,185.87,-100,2026-01-20T21:20:20.468225,Hostel Area
33.33,62.51,23.42,1009.29,186.08,-104,2026-01-20T21:20:24.824662,Hostel Area
33.33,62.51,23.42,1009.29,186.08,-115,2026-01-20T21:20:29.182445,Hostel Area
24.07,62.17,23.46,1009.29,186.82,-103,2026-01-20T21:20:33.540048,Hostel Area
33.33,62.08,23.47,1009.31,185.87,-104,2026-01-20T21:20:37.897246,Hostel Area
42.59,62.02,23.48,1009.33,187.25,-111,2026-01-20T21:20:42.254920,Hostel Area
14.81,62.01,23.48,1009.32,185.76,-104,2026-01-20T21:20:46.611478,Hostel Area
33.33,62.07,23.49,1009.31,158.63,-110,2026-01-20T21:20:50.967661,Hostel Area
51.85,62.53,23.49,1009.38,163.63,-106,2026-01-20T21:20:55.324984,Hostel Area
51.85,62.84,23.5,1009.39,165.09,-103,2026-01-20T21:20:59.681928,Hostel Area
51.85,63.07,23.5,1009.38,164.93,-103,2026-01-20T21:21:04.040096,Hostel Area
33.33,63.37,23.51,1009.39,161.56,-103,2026-01-20T21:21:08.397046,Hostel Area
51.85,63.67,23.53,1009.38,160.63,-101,2026-01-20T21:21:12.753965,Hostel Area
51.85,63.75,23.54,1009.39,161.41,-102,2026-01-20T21:21:17.110410,Hostel Area
42.59,63.73,23.56,1009.38,162.2,-101,2026-01-20T21:21:21.468157,Hostel Area
51.85,63.59,23.58,1009.38,162.83,-103,2026-01-20T21:21:25.825896,Hostel Area
51.85,63.48,23.59,1009.36,162.04,-101,2026-01-20T21:21:30.182724,Hostel Area
42.59,63.43,23.61,1009.37,162.67,-101,2026-01-20T21:21:34.539913,Hostel Area
51.85,63.41,23.62,1009.37,162.67,-102,2026-01-20T21:21:38.896910,Hostel Area
42.59,63.5,23.63,1009.38,163.79,-103,2026-01-20T21:21:43.254529,Hostel Area
51.85,63.62,23.64,1009.37,162.83,-102,2026-01-20T21:21:47.611332,Hostel Area
51.85,63.71,23.66,1009.38,162.51,-102,2026-01-20T21:21:51.968528,Hostel Area
79.63,63.64,23.66,1009.39,162.35,-102,2026-01-20T21:21:56.324664,Hostel Area
61.11,63.5,23.67,1009.39,163.95,-100,2026-01-20T21:22:00.682106,Hostel Area
33.33,63.41,23.68,1009.38,165.42,-102,2026-01-20T21:22:05.039159,Hostel Area
61.11,63.33,23.69,1009.38,165.09,-100,2026-01-20T21:22:09.396875,Hostel Area
51.85,63.26,23.7,1009.38,165.59,-100,2026-01-20T21:22:13.754262,Hostel Area
61.11,63.12,23.71,1009.38,167.59,-100,2026-01-20T21:22:18.110662,Hostel Area
70.37,62.96,23.72,1009.38,166.75,-100,2026-01-20T21:22:22.467396,Hostel Area
51.85,63.16,23.74,1009.38,164.93,-100,2026-01-20T21:22:26.825025,Hostel Area
70.37,63.26,23.74,1009.38,166.42,-100,2026-01-20T21:22:31.313591,Hostel Area
61.11,63.1,23.75,1009.39,165.42,-99,2026-01-20T21:22:35.670230,Hostel Area
51.85,62.96,23.76,1009.37,167.25,-100,2026-01-20T21:22:40.028458,Hostel Area
51.85,62.94,23.77,1009.39,162.2,-99,2026-01-20T21:22:44.384503,Hostel Area
51.85,63.13,23.78,1009.39,162.67,-99,2026-01-20T21:22:48.741416,Hostel Area
42.59,63.17,23.79,1009.39,163.31,-99,2026-01-20T21:22:53.099414,Hostel Area
61.11,63.23,23.8,1009.38,162.67,-99,2026-01-20T21:22:57.457681,Hostel Area
70.37,63.37,23.81,1009.38,159.85,-100,2026-01-20T21:23:01.814198,Hostel Area
42.59,63.63,23.82,1009.38,158.79,-99,2026-01-20T21:23:06.175162,Hostel Area
51.85,63.75,23.83,1009.39,162.2,-99,2026-01-20T21:23:10.530298,Hostel Area
33.33,63.69,23.84,1009.38,158.79,-98,2026-01-20T21:23:14.888262,Hostel Area
51.85,63.81,23.85,1009.38,156.99,-99,2026-01-20T21:23:19.242920,Hostel Area
42.59,64.01,23.86,1009.39,158.18,-99,2026-01-20T21:23:23.603023,Hostel Area
51.85,64.07,23.87,1009.38,158.79,-99,2026-01-20T21:23:27.956796,Hostel Area
51.85,63.98,23.87,1009.38,157.58,-99,2026-01-20T21:23:32.313414,Hostel Area
42.59,63.82,23.88,1009.38,158.94,-99,2026-01-20T21:23:36.671086,Hostel Area
33.33,63.77,23.89,1009.38,158.33,-99,2026-01-20T21:23:41.026936,Hostel Area
51.85,63.85,23.9,1009.38,157.58,-99,2026-01-20T21:23:45.384925,Hostel Area
51.85,63.99,23.91,1009.39,157.88,-98,2026-01-20T21:23:49.742149,Hostel Area
51.85,64.05,23.91,1009.38,158.48,-99,2026-01-20T21:23:54.099359,Hostel Area
51.85,64.02,23.92,1009.37,158.63,-99,2026-01-20T21:23:58.456907,Hostel Area
42.59,63.79,23.92,1009.39,164.28,-99,2026-01-20T21:24:02.812698,Hostel Area
42.59,63.36,23.93,1009.38,164.93,-99,2026-01-20T21:24:07.170543,Hostel Area
42.59,63.02,23.93,1009.37,163.47,-99,2026-01-20T21:24:11.527173,Hostel Area
33.33,62.9,23.94,1009.37,164.28,-99,2026-01-20T21:24:15.885256,Hostel Area
51.85,62.83,23.94,1009.38,164.12,-99,2026-01-20T21:24:20.241976,Hostel Area
51.85,62.87,23.95,1009.38,164.44,-100,2026-01-20T21:24:24.599976,Hostel Area
61.11,63.01,23.96,1009.37,163.15,-99,2026-01-20T21:24:28.956823,Hostel Area
42.59,62.97,23.96,1009.37,166.42,-99,2026-01-20T21:24:33.313155,Hostel Area
51.85,62.94,23.97,1009.36,163.31,-99,2026-01-20T21:24:37.670108,Hostel Area
42.59,62.92,23.98,1009.38,163.63,-99,2026-01-20T21:24:42.027377,Hostel Area
33.33,62.84,23.99,1009.37,164.44,-99,2026-01-20T21:24:46.385313,Hostel Area
42.59,62.74,23.99,1009.36,163.79,-99,2026-01-20T21:24:50.741776,Hostel Area
51.85,62.7,24.0,1009.38,159.7,-101,2026-01-20T21:24:55.098918,Hostel Area
70.37,62.72,24.01,1009.38,161.88,-100,2026-01-20T21:24:59.456314,Hostel Area
70.37,62.84,24.02,1009.36,160.01,-98,2026-01-20T21:25:03.813505,Hostel Area
51.85,63.23,24.02,1009.36,159.55,-99,2026-01-20T21:25:08.170589,Hostel Area
181.48,63.32,24.03,1009.36,159.4,-101,2026-01-20T21:25:12.528077,Hostel Area
144.44,63.27,24.03,1009.36,159.55,-102,2026-01-20T21:25:16.886173,Hostel Area
162.96,63.23,24.03,1009.37,160.32,-102,2026-01-20T21:25:21.242905,Hostel Area
144.44,63.15,24.04,1009.37,160.32,-101,2026-01-20T21:25:25.599234,Hostel Area
42.59,63.21,24.04,1009.37,160.63,-101,2026-01-20T21:25:29.956241,Hostel Area
33.33,63.45,24.05,1009.37,158.03,-100,2026-01-20T21:25:34.313789,Hostel Area
14.81,63.67,24.06,1009.38,159.09,-100,2026-01-20T21:25:38.670249,Hostel Area
33.33,63.63,24.06,1009.37,159.09,-100,2026-01-20T21:25:43.027632,Hostel Area
24.07,63.6,24.06,1009.37,159.24,-100,2026-01-20T21:25:47.384697,Hostel Area
33.33,63.42,24.07,1009.36,164.93,-100,2026-01-20T21:25:51.741681,Hostel Area
24.07,63.04,24.07,1009.36,164.93,-102,2026-01-20T21:25:56.099546,Hostel Area
0.0,62.74,24.07,1009.37,162.67,-102,2026-01-20T21:26:00.455855,Hostel Area
33.33,62.69,24.08,1009.38,163.63,-100,2026-01-20T21:26:04.813165,Hostel Area
14.81,62.59,24.08,1009.36,165.09,-100,2026-01-20T21:26:09.170249,Hostel Area
33.33,62.51,24.08,1009.37,164.77,-100,2026-01-20T21:26:13.527812,Hostel Area
33.33,62.4,24.09,1009.37,163.79,-100,2026-01-20T21:26:17.884882,Hostel Area
33.33,62.35,24.09,1009.36,162.83,-100,2026-01-20T21:26:22.241564,Hostel Area
24.07,62.5,24.09,1009.37,160.78,-101,2026-01-20T21:26:26.598937,Hostel Area
33.33,62.72,24.1,1009.37,157.88,-101,2026-01-20T21:26:30.955587,Hostel Area
14.81,63.1,24.11,1009.37,158.48,-101,2026-01-20T21:26:35.312715,Hostel Area
51.85,63.37,24.11,1009.37,158.03,-101,2026-01-20T21:26:39.669916,Hostel Area
33.33,63.53,24.12,1009.36,158.33,-100,2026-01-20T21:26:44.027335,Hostel Area
33.33,63.47,24.12,1009.36,158.18,-100,2026-01-20T21:26:48.388103,Hostel Area
24.07,63.29,24.12,1009.37,159.4,-101,2026-01-20T21:26:52.745950,Hostel Area
42.59,63.07,24.13,1009.36,160.78,-101,2026-01-20T21:26:57.097974,Hostel Area
24.07,62.93,24.13,1009.36,159.85,-101,2026-01-20T21:27:01.455760,Hostel Area
33.33,62.95,24.14,1009.37,158.33,-100,2026-01-20T21:27:05.813502,Hostel Area
24.07,63.07,24.14,1009.36,158.48,-101,2026-01-20T21:27:10.168861,Hostel Area
42.59,63.19,24.14,1009.36,157.43,-101,2026-01-20T21:27:14.528072,Hostel Area
33.33,63.38,24.14,1009.35,158.03,-101,2026-01-20T21:27:19.017307,Hostel Area
33.33,63.37,24.15,1009.37,156.84,-101,2026-01-20T21:27:23.373526,Hostel Area
42.59,63.47,24.15,1009.37,155.37,-101,2026-01-20T21:27:27.730862,Hostel Area
42.59,63.59,24.15,1009.37,158.33,-101,2026-01-20T21:27:32.088824,Hostel Area
51.85,63.4,24.15,1009.37,158.63,-101,2026-01-20T21:27:36.444457,Hostel Area
33.33,63.26,24.15,1009.37,158.63,-101,2026-01-20T21:27:40.801645,Hostel Area
42.59,63.17,24.15,1009.36,158.18,-101,2026-01-20T21:27:45.158903,Hostel Area
42.59,63.06,24.15,1009.37,159.09,-101,2026-01-20T21:27:49.516671,Hostel Area
98.15,62.93,24.15,1009.36,158.63,-101,2026-01-20T21:27:53.873527,Hostel Area
33.33,63.0,24.16,1009.37,159.24,-101,2026-01-20T21:27:58.230752,Hostel Area
0.0,63.0,24.15,1009.36,158.33,-102,2026-01-20T21:28:02.587812,Hostel Area
33.33,62.92,24.15,1009.36,158.63,-102,2026-01-20T21:28:06.944059,Hostel Area
24.07,63.01,24.15,1009.36,158.33,-101,2026-01-20T21:28:11.301534,Hostel Area
0.0,63.15,24.15,1009.36,158.33,-102,2026-01-20T21:28:15.658800,Hostel Area
42.59,63.17,24.15,1009.36,158.63,-102,2026-01-20T21:28:20.015162,Hostel Area
33.33,63.14,24.15,1009.36,158.18,-102,2026-01-20T21:28:24.372596,Hostel Area
0.0,63.21,24.15,1009.37,158.18,-101,2026-01-20T21:28:28.730193,Hostel Area
125.93,63.27,24.15,1009.38,157.14,-101,2026-01-20T21:28:33.087479,Hostel Area
33.33,63.26,24.15,1009.38,158.33,-102,2026-01-20T21:28:37.444777,Hostel Area
33.33,63.18,24.15,1009.39,158.63,-102,2026-01-20T21:28:41.801346,Hostel Area
33.33,63.02,24.14,1009.37,159.09,-102,2026-01-20T21:28:46.157763,Hostel Area
33.33,62.9,24.14,1009.36,158.79,-102,2026-01-20T21:28:50.516708,Hostel Area
33.33,62.79,24.14,1009.38,159.24,-102,2026-01-20T21:28:54.873937,Hostel Area
33.33,62.7,24.14,1009.37,159.55,-102,2026-01-20T21:28:59.230395,Hostel Area
33.33,62.64,24.14,1009.38,159.24,-102,2026-01-20T21:29:03.587913,Hostel Area
33.33,62.87,24.14,1009.39,158.63,-102,2026-01-20T21:29:07.944375,Hostel Area
42.59,63.1,24.14,1009.37,158.63,-102,2026-01-20T21:29:12.301817,Hostel Area
33.33,63.1,24.14,1009.39,159.4,-102,2026-01-20T21:29:16.658519,Hostel Area
70.37,62.95,24.14,1009.38,159.85,-102,2026-01-20T21:29:21.016043,Hostel Area
33.33,62.83,24.14,1009.37,159.55,-102,2026-01-20T21:29:25.372668,Hostel Area
33.33,62.82,24.14,1009.36,159.09,-102,2026-01-20T21:29:29.731036,Hostel Area
98.15,62.93,24.14,1009.38,159.4,-102,2026-01-20T21:29:34.087133,Hostel Area
0.0,62.85,24.13,1009.36,160.78,-102,2026-01-20T21:29:38.444546,Hostel Area
0.0,62.72,24.13,1009.37,160.47,-102,2026-01-20T21:29:42.801452,Hostel Area
33.33,62.7,24.13,1009.36,159.4,-102,2026-01-20T21:29:47.158384,Hostel Area
0.0,62.81,24.13,1009.37,159.24,-102,2026-01-20T21:29:51.515386,Hostel Area
0.0,63.14,24.13,1009.37,157.88,-103,2026-01-20T21:29:55.872982,Hostel Area
98.15,63.47,24.13,1009.38,158.94,-102,2026-01-20T21:30:00.228623,Hostel Area
107.41,63.42,24.13,1009.37,159.09,-102,2026-01-20T21:30:04.587736,Hostel Area
51.85,63.16,24.13,1009.37,159.09,-103,2026-01-20T21:30:08.943949,Hostel Area
33.33,63.01,24.13,1009.38,159.55,-103,2026-01-20T21:30:13.301331,Hostel Area
0.0,63.06,24.13,1009.38,157.88,-103,2026-01-20T21:30:17.657924,Hostel Area
33.33,63.09,24.12,1009.38,158.33,-103,2026-01-20T21:30:22.015454,Hostel Area
24.07,62.91,24.12,1009.39,160.47,-103,2026-01-20T21:30:26.372851,Hostel Area
42.59,62.78,24.12,1009.37,159.7,-103,2026-01-20T21:30:30.728879,Hostel Area
24.07,62.72,24.12,1009.38,159.24,-103,2026-01-20T21:30:35.088299,Hostel Area
0.0,62.67,24.11,1009.38,159.09,-103,2026-01-20T21:30:39.444443,Hostel Area
33.33,62.63,24.11,1009.38,158.79,-103,2026-01-20T21:30:43.801475,Hostel Area
42.59,62.59,24.11,1009.38,158.48,-103,2026-01-20T21:30:48.158818,Hostel Area
33.33,62.59,24.1,1009.38,159.24,-103,2026-01-20T21:30:52.515663,Hostel Area
14.81,62.74,24.1,1009.38,158.48,-103,2026-01-20T21:30:56.872705,Hostel Area
24.07,63.01,24.1,1009.39,158.03,-103,2026-01-20T21:31:01.229454,Hostel Area
14.81,63.17,24.09,1009.38,158.63,-103,2026-01-20T21:31:05.586921,Hostel Area
33.33,63.06,24.09,1009.38,158.94,-103,2026-01-20T21:31:09.945148,Hostel Area
24.07,62.95,24.08,1009.38,160.32,-103,2026-01-20T21:31:14.301450,Hostel Area
5.56,62.79,24.08,1009.38,159.7,-103,2026-01-20T21:31:18.658841,Hostel Area
33.33,62.81,24.08,1009.37,158.03,-103,2026-01-20T21:31:23.015570,Hostel Area
33.33,63.06,24.08,1009.38,157.58,-103,2026-01-20T21:31:27.372876,Hostel Area
107.41,63.21,24.08,1009.38,158.48,-103,2026-01-20T21:31:31.729831,Hostel Area
24.07,63.22,24.08,1009.37,158.18,-103,2026-01-20T21:31:36.087127,Hostel Area
33.33,63.39,24.08,1009.37,157.73,-103,2026-01-20T21:31:40.443554,Hostel Area
33.33,63.51,24.08,1009.38,157.88,-103,2026-01-20T21:31:44.801710,Hostel Area
42.59,63.58,24.07,1009.38,156.4,-103,2026-01-20T21:31:49.158481,Hostel Area
24.07,63.66,24.07,1009.37,158.18,-101,2026-01-20T21:31:53.515727,Hostel Area
33.33,63.47,24.07,1009.37,158.33,-102,2026-01-20T21:31:57.872840,Hostel Area
24.07,63.42,24.07,1009.38,158.18,-102,2026-01-20T21:32:02.230105,Hostel Area
42.59,63.5,24.07,1009.37,158.33,-102,2026-01-20T21:32:06.718378,Hostel Area
42.59,63.47,24.07,1009.37,158.48,-103,2026-01-20T21:32:11.075831,Hostel Area
33.33,63.31,24.06,1009.36,158.79,-103,2026-01-20T21:32:15.432902,Hostel Area
33.33,63.13,24.06,1009.38,158.63,-103,2026-01-20T21:32:19.790339,Hostel Area
33.33,63.03,24.06,1009.38,159.24,-102,2026-01-20T21:32:24.147580,Hostel Area
42.59,62.97,24.06,1009.37,158.94,-103,2026-01-20T21:32:28.504567,Hostel Area
42.59,62.9,24.06,1009.37,158.79,-103,2026-01-20T21:32:32.862360,Hostel Area
14.81,62.85,24.06,1009.36,159.24,-102,2026-01-20T21:32:37.218823,Hostel Area
33.33,62.82,24.06,1009.38,159.24,-102,2026-01-20T21:32:41.575971,Hostel Area
24.07,62.76,24.06,1009.37,159.4,-102,2026-01-20T21:32:45.932357,Hostel Area
42.59,62.68,24.05,1009.36,158.79,-103,2026-01-20T21:32:50.289955,Hostel Area
42.59,62.94,24.05,1009.36,158.48,-103,2026-01-20T21:32:54.647888,Hostel Area
42.59,62.98,24.05,1009.36,158.63,-103,2026-01-20T21:32:59.004902,Hostel Area
42.59,62.92,24.05,1009.37,158.94,-103,2026-01-20T21:33:03.361610,Hostel Area
33.33,62.86,24.04,1009.36,159.55,-103,2026-01-20T21:33:07.718281,Hostel Area
33.33,62.78,24.04,1009.37,158.94,-103,2026-01-20T21:33:12.078172,Hostel Area
125.93,62.75,24.04,1009.37,160.01,-103,2026-01-20T21:33:16.434519,Hostel Area
33.33,62.76,24.04,1009.37,159.7,-103,2026-01-20T21:33:20.790030,Hostel Area
33.33,62.76,24.04,1009.36,159.7,-103,2026-01-20T21:33:25.146911,Hostel Area
42.59,62.77,24.04,1009.35,158.33,-102,2026-01-20T21:33:29.504942,Hostel Area
61.11,62.75,24.04,1009.36,159.24,-102,2026-01-20T21:33:33.860897,Hostel Area
33.33,62.77,24.03,1009.35,158.48,-102,2026-01-20T21:33:38.218029,Hostel Area
33.33,62.81,24.03,1009.36,159.4,-102,2026-01-20T21:33:42.575415,Hostel Area
33.33,62.81,24.03,1009.35,158.79,-102,2026-01-20T21:33:46.933404,Hostel Area
24.07,62.83,24.03,1009.36,158.63,-102,2026-01-20T21:33:51.289465,Hostel Area
107.41,62.87,24.03,1009.36,158.33,-101,2026-01-20T21:33:55.647821,Hostel Area
33.33,63.05,24.03,1009.36,158.63,-101,2026-01-20T21:34:00.004521,Hostel Area
33.33,63.11,24.03,1009.36,158.94,-103,2026-01-20T21:34:04.360347,Hostel Area
42.59,63.06,24.03,1009.36,159.24,-103,2026-01-20T21:34:08.718631,Hostel Area
33.33,63.0,24.03,1009.36,158.48,-103,2026-01-20T21:34:13.075543,Hostel Area
33.33,63.11,24.03,1009.34,157.58,-102,2026-01-20T21:34:17.433359,Hostel Area
33.33,63.38,24.03,1009.36,158.18,-103,2026-01-20T21:34:21.789210,Hostel Area
24.07,63.43,24.03,1009.37,157.28,-104,2026-01-20T21:34:26.146645,Hostel Area
14.81,63.41,24.03,1009.37,157.58,-104,2026-01-20T21:34:30.502457,Hostel Area
33.33,63.5,24.03,1009.36,157.14,-102,2026-01-20T21:34:34.861221,Hostel Area
33.33,63.92,24.03,1009.35,159.09,-98,2026-01-20T21:34:39.218885,Hostel Area
14.81,63.86,24.04,1009.35,159.4,-94,2026-01-20T21:34:43.576062,Hostel Area
14.81,63.69,24.04,1009.34,158.03,-97,2026-01-20T21:34:47.932575,Hostel Area
14.81,63.73,24.05,1009.27,160.32,-96,2026-01-20T21:34:52.290033,Hostel Area
33.33,63.97,24.07,1009.26,160.32,-98,2026-01-20T21:34:56.647703,Hostel Area
0.0,64.07,24.09,1009.25,150.45,-99,2026-01-20T21:35:01.003914,Hostel Area
14.81,64.94,24.12,1009.26,154.08,-100,2026-01-20T21:35:05.361678,Hostel Area
14.81,64.86,24.14,1009.26,159.55,-96,2026-01-20T21:35:09.718702,Hostel Area
33.33,64.08,24.17,1009.27,161.09,-97,2026-01-20T21:35:14.075271,Hostel Area
5.56,63.44,24.19,1009.26,158.63,-97,2026-01-20T21:35:18.432631,Hostel Area
70.37,63.18,24.22,1009.26,157.58,-97,2026-01-20T21:35:22.789821,Hostel Area
5.56,63.09,24.25,1009.25,158.03,-97,2026-01-20T21:35:27.147144,Hostel Area
14.81,62.91,24.27,1009.27,175.74,-97,2026-01-20T21:35:31.504766,Hostel Area
0.0,62.24,24.28,1009.25,179.15,-97,2026-01-20T21:35:35.860539,Hostel Area
5.56,61.56,24.29,1009.25,180.51,-100,2026-01-20T21:35:40.217661,Hostel Area
14.81,61.08,24.29,1009.26,181.69,-99,2026-01-20T21:35:44.576138,Hostel Area
33.33,60.88,24.29,1009.26,181.3,-93,2026-01-20T21:35:48.932383,Hostel Area
5.56,60.76,24.28,1009.26,180.71,-97,2026-01-20T21:35:53.289746,Hostel Area
14.81,60.63,24.27,1009.24,181.49,-95,2026-01-20T21:35:57.647020,Hostel Area
14.81,60.48,24.26,1009.25,182.29,-96,2026-01-20T21:36:02.004358,Hostel Area
14.81,60.34,24.25,1009.24,181.89,-96,2026-01-20T21:36:06.361138,Hostel Area
5.56,60.24,24.23,1009.24,182.09,-96,2026-01-20T21:36:10.718268,Hostel Area
14.81,60.17,24.22,1009.24,182.09,-97,2026-01-20T21:36:15.074921,Hostel Area
33.33,60.4,24.2,1009.23,177.43,-94,2026-01-20T21:36:19.432463,Hostel Area
14.81,61.45,24.19,1009.25,173.18,-95,2026-01-20T21:36:23.789402,Hostel Area
5.56,61.7,24.17,1009.25,178.57,-95,2026-01-20T21:36:28.146546,Hostel Area
24.07,61.2,24.15,1009.26,179.92,-98,2026-01-20T21:36:32.504451,Hostel Area
0.0,60.8,24.14,1009.24,179.92,-97,2026-01-20T21:36:36.861156,Hostel Area
14.81,60.55,24.13,1009.25,180.9,-97,2026-01-20T21:36:41.217596,Hostel Area
14.81,60.39,24.11,1009.24,179.73,-97,2026-01-20T21:36:45.575618,Hostel Area
14.81,60.37,24.1,1009.23,180.31,-98,2026-01-20T21:36:49.931800,Hostel Area
14.81,60.41,24.09,1009.23,179.73,-97,2026-01-20T21:36:54.291036,Hostel Area
14.81,60.46,24.08,1009.23,176.49,-100,2026-01-20T21:36:58.778494,Hostel Area
0.0,60.66,24.07,1009.25,179.73,-100,2026-01-20T21:37:03.004404,Hostel Area
51.85,60.49,24.06,1009.24,180.51,-99,2026-01-20T21:37:07.491694,Hostel Area
70.37,60.36,24.05,1009.24,180.31,-96,2026-01-20T21:37:11.849654,Hostel Area
51.85,60.26,24.05,1009.24,180.12,-95,2026-01-20T21:37:16.206974,Hostel Area
24.07,60.18,24.04,1009.25,180.31,-95,2026-01-20T21:37:20.564872,Hostel Area
14.81,60.2,24.04,1009.24,179.15,-97,2026-01-20T21:37:24.921599,Hostel Area
42.59,60.25,24.03,1009.25,178.96,-96,2026-01-20T21:37:29.278935,Hostel Area
42.59,60.22,24.02,1009.27,178.57,-100,2026-01-20T21:37:33.635623,Hostel Area
33.33,60.26,24.01,1009.37,177.81,-97,2026-01-20T21:37:37.991904,Hostel Area
14.81,60.2,23.99,1009.45,178.57,-97,2026-01-20T21:37:42.349569,Hostel Area
24.07,60.25,23.96,1009.57,178.19,-96,2026-01-20T21:37:46.707916,Hostel Area
33.33,60.23,23.93,1009.64,177.43,-96,2026-01-20T21:37:51.064665,Hostel Area
14.81,60.12,23.89,1009.76,179.15,-99,2026-01-20T21:37:55.421052,Hostel Area
33.33,59.96,23.85,1009.84,178.19,-96,2026-01-20T21:37:59.779008,Hostel Area
14.81,59.79,23.81,1009.96,179.15,-97,2026-01-20T21:38:04.135881,Hostel Area
33.33,59.62,23.76,1010.02,175.93,-97,2026-01-20T21:38:08.492914,Hostel Area
33.33,59.41,23.71,1010.04,174.27,-97,2026-01-20T21:38:12.849661,Hostel Area
14.81,59.47,23.65,1010.03,177.24,-96,2026-01-20T21:38:17.206629,Hostel Area
14.81,59.62,23.59,1010.03,178.57,-100,2026-01-20T21:38:21.562760,Hostel Area
33.33,59.83,23.54,1010.04,178.19,-98,2026-01-20T21:38:25.920538,Hostel Area
14.81,60.0,23.48,1010.05,178.19,-96,2026-01-20T21:38:30.278658,Hostel Area
14.81,60.16,23.43,1010.03,178.57,-97,2026-01-20T21:38:34.635532,Hostel Area
33.33,60.36,23.39,1010.03,178.96,-95,2026-01-20T21:38:38.993121,Hostel Area
107.41,60.85,23.35,1010.04,178.38,-93,2026-01-20T21:38:43.349383,Hostel Area
33.33,61.3,23.31,1010.04,177.24,-98,2026-01-20T21:38:47.706598,Hostel Area
14.81,61.63,23.27,1010.03,177.81,-97,2026-01-20T21:38:52.063487,Hostel Area
14.81,61.91,23.24,1010.04,177.43,-98,2026-01-20T21:38:56.421533,Hostel Area
14.81,62.14,23.22,1010.03,178.0,-96,2026-01-20T21:39:00.778361,Hostel Area
14.81,62.38,23.19,1010.02,178.38,-98,2026-01-20T21:39:05.135711,Hostel Area
5.56,62.44,23.17,1010.02,178.96,-97,2026-01-20T21:39:09.492952,Hostel Area
24.07,62.62,23.15,1010.03,178.38,-98,2026-01-20T21:39:13.850716,Hostel Area
14.81,62.76,23.14,1010.02,178.76,-97,2026-01-20T21:39:18.206595,Hostel Area
14.81,62.81,23.13,1010.02,178.57,-100,2026-01-20T21:39:22.563456,Hostel Area
24.07,62.77,23.11,1010.03,178.76,-96,2026-01-20T21:39:26.920880,Hostel Area
24.07,62.61,23.1,1010.04,180.12,-96,2026-01-20T21:39:31.277187,Hostel Area
14.81,62.5,23.08,1010.08,178.96,-98,2026-01-20T21:39:35.635614,Hostel Area
0.0,62.42,23.05,1010.1,178.96,-98,2026-01-20T21:39:39.992967,Hostel Area
5.56,62.43,23.01,1010.11,176.67,-98,2026-01-20T21:39:44.349671,Hostel Area
24.07,62.51,22.96,1010.11,175.18,-97,2026-01-20T21:39:48.707514,Hostel Area
14.81,62.28,22.91,1010.11,178.76,-96,2026-01-20T21:39:53.063434,Hostel Area
5.56,62.05,22.84,1010.12,178.76,-97,2026-01-20T21:39:57.421161,Hostel Area
0.0,61.8,22.77,1010.11,181.69,-97,2026-01-20T21:40:01.778066,Hostel Area
0.0,61.82,22.69,1010.12,180.31,-99,2026-01-20T21:40:06.135081,Hostel Area
14.81,62.01,22.6,1010.12,180.71,-99,2026-01-20T21:40:10.492325,Hostel Area
5.56,62.4,22.52,1010.14,180.71,-101,2026-01-20T21:40:14.849186,Hostel Area
5.56,62.47,22.43,1010.14,180.71,-100,2026-01-20T21:40:19.206605,Hostel Area
14.81,61.96,22.34,1010.13,181.49,-100,2026-01-20T21:40:23.563944,Hostel Area
0.0,61.5,22.24,1010.13,184.61,-99,2026-01-20T21:40:27.920828,Hostel Area
0.0,61.19,22.13,1010.13,184.72,-98,2026-01-20T21:40:32.277880,Hostel Area
5.56,61.05,22.02,1010.15,185.55,-98,2026-01-20T21:40:36.635043,Hostel Area
24.07,60.96,21.91,1010.18,184.92,-94,2026-01-20T21:40:40.991805,Hostel Area
33.33,61.18,21.79,1010.2,183.5,-95,2026-01-20T21:40:45.349167,Hostel Area
107.41,61.56,21.66,1010.16,183.5,-94,2026-01-20T21:40:49.706302,Hostel Area
33.33,62.05,21.54,1010.16,182.89,-95,2026-01-20T21:40:54.063433,Hostel Area
24.07,62.56,21.43,1010.17,180.12,-96,2026-01-20T21:40:58.421844,Hostel Area
14.81,63.11,21.33,1010.17,178.76,-97,2026-01-20T21:41:02.777707,Hostel Area
14.81,63.55,21.22,1010.17,181.69,-99,2026-01-20T21:41:07.134565,Hostel Area
14.81,63.77,21.12,1010.16,185.34,-99,2026-01-20T21:41:11.491364,Hostel Area
14.81,63.83,21.01,1010.15,185.55,-99,2026-01-20T21:41:15.850315,Hostel Area
5.56,63.89,20.9,1010.14,183.9,-98,2026-01-20T21:41:20.206324,Hostel Area
5.56,64.49,20.8,1010.14,181.69,-99,2026-01-20T21:41:24.562924,Hostel Area
14.81,65.26,20.7,1010.15,179.92,-99,2026-01-20T21:41:28.920213,Hostel Area
33.33,65.95,20.6,1010.15,179.15,-98,2026-01-20T21:41:33.277440,Hostel Area
33.33,66.41,20.51,1010.17,180.51,-97,2026-01-20T21:41:37.635752,Hostel Area
14.81,66.59,20.43,1010.19,183.5,-97,2026-01-20T21:41:41.991386,Hostel Area
0.0,66.66,20.35,1010.18,181.69,-108,2026-01-20T21:41:46.350139,Hostel Area
14.81,67.0,20.28,1010.19,182.29,-112,2026-01-20T21:41:50.839701,Hostel Area
0.0,67.39,20.21,1010.18,182.09,-105,2026-01-20T21:41:55.195235,Hostel Area
0.0,67.46,20.14,1010.17,185.55,-106,2026-01-20T21:41:59.553061,Hostel Area
14.81,67.42,20.09,1010.19,183.3,-109,2026-01-20T21:42:03.909460,Hostel Area
14.81,67.76,20.03,1010.2,184.11,-105,2026-01-20T21:42:08.267308,Hostel Area
14.81,68.27,19.99,1010.2,185.13,-108,2026-01-20T21:42:12.624752,Hostel Area
0.0,68.71,19.94,1010.21,183.7,-105,2026-01-20T21:42:16.981024,Hostel Area
5.56,68.97,19.9,1010.21,183.7,-101,2026-01-20T21:42:21.338139,Hostel Area
0.0,69.1,19.86,1010.21,184.72,-104,2026-01-20T21:42:25.695570,Hostel Area
33.33,68.93,19.82,1010.22,185.13,-99,2026-01-20T21:42:30.052804,Hostel Area
0.0,68.66,19.78,1010.23,185.34,-111,2026-01-20T21:42:34.408478,Hostel Area
14.81,68.49,19.75,1010.23,184.72,-106,2026-01-20T21:42:38.766483,Hostel Area
33.33,68.51,19.72,1010.22,185.55,-114,2026-01-20T21:42:43.124529,Hostel Area
33.33,68.46,19.68,1010.21,185.34,-103,2026-01-20T21:42:47.480714,Hostel Area
24.07,68.69,19.66,1010.21,170.51,-106,2026-01-20T21:42:51.839356,Hostel Area
14.81,69.29,19.64,1010.23,184.92,-107,2026-01-20T21:42:56.195653,Hostel Area
70.37,69.55,19.62,1010.23,187.04,-105,2026-01-20T21:43:00.552208,Hostel Area
14.81,69.85,19.62,1010.24,185.66,-102,2026-01-20T21:43:04.910088,Hostel Area
61.11,69.78,19.61,1010.24,186.93,-102,2026-01-20T21:43:09.267561,Hostel Area
70.37,69.17,19.62,1010.24,184.72,-101,2026-01-20T21:43:13.623514,Hostel Area
33.33,69.2,19.62,1010.25,185.34,-99,2026-01-20T21:43:17.980411,Hostel Area
42.59,68.64,19.61,1010.27,191.31,-99,2026-01-20T21:43:22.338918,Hostel Area
79.63,68.05,19.59,1010.28,185.87,-100,2026-01-20T21:43:26.696961,Hostel Area
42.59,68.26,19.56,1010.28,184.52,-99,2026-01-20T21:43:31.052410,Hostel Area
33.33,68.52,19.51,1010.29,183.7,-98,2026-01-20T21:43:35.409537,Hostel Area
33.33,68.77,19.46,1010.28,183.7,-99,2026-01-20T21:43:39.766553,Hostel Area
42.59,69.17,19.42,1010.27,183.3,-100,2026-01-20T21:43:44.123808,Hostel Area
24.07,69.54,19.37,1010.26,183.5,-99,2026-01-20T21:43:48.480698,Hostel Area
24.07,69.82,19.32,1010.27,181.1,-99,2026-01-20T21:43:52.838661,Hostel Area
24.07,69.98,19.28,1010.26,181.69,-101,2026-01-20T21:43:57.195598,Hostel Area
14.81,70.11,19.24,1010.28,181.3,-102,2026-01-20T21:44:01.552614,Hostel Area
33.33,70.26,19.2,1010.26,183.5,-107,2026-01-20T21:44:05.910043,Hostel Area
42.59,70.53,19.17,1010.26,183.09,-113,2026-01-20T21:44:10.266803,Hostel Area
51.85,70.76,19.13,1010.26,182.89,-99,2026-01-20T21:44:14.622838,Hostel Area
70.37,70.9,19.11,1010.28,182.29,-100,2026-01-20T21:44:18.981725,Hostel Area
33.33,70.93,19.07,1010.27,182.89,-100,2026-01-20T21:44:23.338128,Hostel Area
33.33,70.86,19.05,1010.27,183.3,-101,2026-01-20T21:44:27.695732,Hostel Area
14.81,70.87,19.02,1010.28,183.5,-100,2026-01-20T21:44:32.051629,Hostel Area
24.07,70.9,19.0,1010.28,184.93,-100,2026-01-20T21:44:36.410136,Hostel Area
33.33,70.92,18.98,1010.33,185.03,-97,2026-01-20T21:44:40.766772,Hostel Area
24.07,70.7,18.96,1010.37,188.55,-96,2026-01-20T21:44:45.123511,Hostel Area
14.81,70.02,18.93,1010.37,192.77,-97,2026-01-20T21:44:49.480478,Hostel Area
61.11,69.28,18.9,1010.36,194.49,-93,2026-01-20T21:44:53.837762,Hostel Area
61.11,68.64,18.87,1010.37,195.77,-94,2026-01-20T21:44:58.195266,Hostel Area
33.33,68.23,18.84,1010.37,195.54,-95,2026-01-20T21:45:02.552481,Hostel Area
51.85,68.01,18.81,1010.37,196.48,-95,2026-01-20T21:45:06.908828,Hostel Area
14.81,67.89,18.77,1010.38,197.67,-95,2026-01-20T21:45:11.266952,Hostel Area
24.07,67.83,18.73,1010.38,197.91,-94,2026-01-20T21:45:15.623344,Hostel Area
14.81,67.82,18.69,1010.39,197.07,-93,2026-01-20T21:45:19.980758,Hostel Area
5.56,67.96,18.65,1010.39,195.89,-92,2026-01-20T21:45:24.338327,Hostel Area
70.37,68.29,18.61,1010.39,195.54,-93,2026-01-20T21:45:28.695737,Hostel Area
107.41,68.51,18.56,1010.39,197.55,-94,2026-01-20T21:45:33.052134,Hostel Area
33.33,68.5,18.52,1010.4,198.03,-94,2026-01-20T21:45:37.408769,Hostel Area
42.59,68.58,18.48,1010.39,198.15,-94,2026-01-20T21:45:41.766735,Hostel Area
33.33,68.64,18.44,1010.38,198.63,-94,2026-01-20T21:45:46.123536,Hostel Area
33.33,68.7,18.4,1010.37,199.11,-94,2026-01-20T21:45:50.479782,Hostel Area
14.81,68.73,18.36,1010.39,199.24,-94,2026-01-20T21:45:54.838180,Hostel Area
33.33,68.81,18.32,1010.39,199.85,-94,2026-01-20T21:45:59.195526,Hostel Area
24.07,68.83,18.29,1010.38,201.32,-94,2026-01-20T21:46:03.552589,Hostel Area
14.81,68.94,18.25,1010.37,199.97,-94,2026-01-20T21:46:07.909166,Hostel Area
33.33,69.41,18.1,1010.39,202.44,-94,2026-01-20T21:46:25.430988,Hostel Area
14.81,69.43,18.07,1010.39,203.83,-94,2026-01-20T21:46:29.787931,Hostel Area
51.85,69.34,18.03,1010.39,204.34,-94,2026-01-20T21:46:34.144989,Hostel Area
14.81,69.15,18.0,1010.39,205.76,-94,2026-01-20T21:46:38.502489,Hostel Area
24.07,69.03,17.96,1010.39,205.5,-93,2026-01-20T21:46:42.859773,Hostel Area
33.33,69.0,17.92,1010.39,205.37,-100,2026-01-20T21:46:47.217516,Hostel Area
14.81,69.11,17.89,1010.31,203.45,-105,2026-01-20T21:46:51.574519,Hostel Area
0.0,69.69,17.86,1010.29,195.19,-100,2026-01-20T21:46:55.931326,Hostel Area
51.85,70.74,17.84,1010.3,189.09,-105,2026-01-20T21:47:00.288016,Hostel Area
42.59,71.67,17.82,1010.29,190.75,-102,2026-01-20T21:47:04.644990,Hostel Area
33.33,72.39,17.81,1010.28,191.53,-109,2026-01-20T21:47:09.002319,Hostel Area
33.33,72.8,17.8,1010.28,194.38,-104,2026-01-20T21:47:13.360311,Hostel Area
33.33,72.93,17.8,1010.28,194.84,-112,2026-01-20T21:47:17.717427,Hostel Area
14.81,72.94,17.81,1010.28,193.92,-111,2026-01-20T21:47:22.074877,Hostel Area
33.33,72.74,17.82,1010.28,196.24,-110,2026-01-20T21:47:26.430382,Hostel Area
14.81,72.59,17.83,1010.28,193.69,-106,2026-01-20T21:47:30.787644,Hostel Area
33.33,72.69,17.84,1010.29,191.31,-98,2026-01-20T21:47:35.144986,Hostel Area
61.11,72.9,17.86,1010.28,192.21,-96,2026-01-20T21:47:39.502476,Hostel Area
70.37,73.16,17.89,1010.28,191.76,-103,2026-01-20T21:47:43.858466,Hostel Area
33.33,73.39,17.92,1010.28,191.76,-104,2026-01-20T21:47:48.216800,Hostel Area
33.33,73.37,17.96,1010.26,193.8,-104,2026-01-20T21:47:52.573039,Hostel Area
5.56,73.18,17.99,1010.27,196.6,-104,2026-01-20T21:47:56.931291,Hostel Area
0.0,72.78,18.01,1010.28,197.43,-105,2026-01-20T21:48:01.289404,Hostel Area
5.56,72.54,18.03,1010.27,196.6,-104,2026-01-20T21:48:05.644965,Hostel Area
14.81,72.58,18.04,1010.27,196.72,-105,2026-01-20T21:48:10.003269,Hostel Area
14.81,72.88,18.05,1010.27,194.96,-102,2026-01-20T21:48:14.359181,Hostel Area
51.85,73.26,18.05,1010.27,194.15,-100,2026-01-20T21:48:18.717521,Hostel Area
42.59,73.68,18.06,1010.27,194.38,-99,2026-01-20T21:48:23.073428,Hostel Area
33.33,74.02,18.07,1010.27,193.57,-103,2026-01-20T21:48:27.430686,Hostel Area
14.81,74.31,18.09,1010.27,192.21,-107,2026-01-20T21:48:31.789722,Hostel Area
33.33,74.58,18.1,1010.26,189.64,-96,2026-01-20T21:48:36.145437,Hostel Area
33.33,74.81,18.13,1010.26,181.89,-97,2026-01-20T21:48:40.502403,Hostel Area
51.85,74.97,18.16,1010.25,188.77,-95,2026-01-20T21:48:44.859698,Hostel Area
70.37,74.9,18.19,1010.25,187.15,-95,2026-01-20T21:48:49.217199,Hostel Area
61.11,74.89,18.23,1010.23,181.89,-94,2026-01-20T21:48:53.574802,Hostel Area
14.81,75.02,18.29,1010.24,190.41,-99,2026-01-20T21:48:57.931251,Hostel Area
61.11,74.71,18.33,1010.25,194.26,-98,2026-01-20T21:49:02.288619,Hostel Area
42.59,73.99,18.37,1010.26,196.24,-99,2026-01-20T21:49:06.646257,Hostel Area
24.07,73.15,18.39,1010.26,195.31,-99,2026-01-20T21:49:11.001981,Hostel Area
33.33,72.64,18.41,1010.25,195.89,-99,2026-01-20T21:49:15.359038,Hostel Area
33.33,72.65,18.42,1010.25,194.38,-99,2026-01-20T21:49:19.716497,Hostel Area
42.59,72.78,18.41,1010.25,194.49,-98,2026-01-20T21:49:24.073234,Hostel Area
14.81,72.71,18.4,1010.25,194.84,-98,2026-01-20T21:49:28.431181,Hostel Area
33.33,72.81,18.39,1010.26,195.07,-100,2026-01-20T21:49:32.788401,Hostel Area
42.59,73.03,18.38,1010.26,194.84,-100,2026-01-20T21:49:37.146078,Hostel Area
70.37,72.93,18.36,1010.27,195.42,-100,2026-01-20T21:49:41.502014,Hostel Area
33.33,72.48,18.34,1010.28,196.84,-99,2026-01-20T21:49:45.860155,Hostel Area
42.59,71.88,18.31,1010.26,197.55,-99,2026-01-20T21:49:50.216459,Hostel Area
42.59,71.64,18.29,1010.25,196.96,-100,2026-01-20T21:49:54.575949,Hostel Area
5.56,71.86,18.26,1010.24,196.13,-100,2026-01-20T21:49:58.931052,Hostel Area
33.33,72.2,18.24,1010.22,195.19,-100,2026-01-20T21:50:03.421713,Hostel Area
14.81,72.64,18.22,1010.23,194.96,-100,2026-01-20T21:50:07.777478,Hostel Area
24.07,73.1,18.2,1010.22,194.61,-99,2026-01-20T21:50:12.134521,Hostel Area
5.56,73.7,18.2,1010.22,193.34,-99,2026-01-20T21:50:16.491578,Hostel Area
33.33,74.21,18.19,1010.23,193.46,-99,2026-01-20T21:50:20.848707,Hostel Area
0.0,74.52,18.2,1010.24,193.8,-99,2026-01-20T21:50:25.205404,Hostel Area
14.81,74.28,18.2,1010.28,194.61,-99,2026-01-20T21:50:29.563364,Hostel Area
33.33,73.98,18.21,1010.29,194.84,-98,2026-01-20T21:50:33.920635,Hostel Area
14.81,73.67,18.22,1010.28,196.36,-95,2026-01-20T21:50:38.276849,Hostel Area
33.33,73.09,18.24,1010.28,196.72,-95,2026-01-20T21:50:42.634421,Hostel Area
33.33,72.71,18.26,1010.3,193.8,-94,2026-01-20T21:50:46.991313,Hostel Area
33.33,72.7,18.29,1010.3,196.24,-94,2026-01-20T21:50:51.348388,Hostel Area
33.33,72.52,18.31,1010.28,197.07,-95,2026-01-20T21:50:55.706340,Hostel Area
33.33,72.35,18.33,1010.29,197.67,-94,2026-01-20T21:51:00.063294,Hostel Area
33.33,72.21,18.35,1010.28,196.84,-94,2026-01-20T21:51:04.420742,Hostel Area
79.63,71.91,18.37,1010.28,196.72,-94,2026-01-20T21:51:08.777646,Hostel Area
51.85,71.49,18.38,1010.28,198.27,-94,2026-01-20T21:51:13.134376,Hostel Area
61.11,71.23,18.4,1010.28,197.31,-94,2026-01-20T21:51:17.490688,Hostel Area
51.85,70.99,18.42,1010.3,197.79,-94,2026-01-20T21:51:21.848641,Hostel Area
51.85,70.71,18.43,1010.3,198.51,-94,2026-01-20T21:51:26.206149,Hostel Area
33.33,70.49,18.44,1010.3,198.63,-94,2026-01-20T21:51:30.563588,Hostel Area
51.85,70.28,18.45,1010.29,198.75,-94,2026-01-20T21:51:34.920479,Hostel Area
70.37,70.03,18.45,1010.29,200.09,-94,2026-01-20T21:51:39.277384,Hostel Area
42.59,69.94,18.46,1010.29,199.11,-94,2026-01-20T21:51:43.634744,Hostel Area
42.59,70.08,18.46,1010.29,198.51,-94,2026-01-20T21:51:47.992587,Hostel Area
33.33,70.23,18.46,1010.28,198.27,-94,2026-01-20T21:51:52.348550,Hostel Area
42.59,70.34,18.47,1010.3,197.91,-94,2026-01-20T21:51:56.706110,Hostel Area
42.59,70.45,18.47,1010.29,198.75,-94,2026-01-20T21:52:01.063054,Hostel Area
42.59,70.37,18.46,1010.29,198.63,-94,2026-01-20T21:52:05.420527,Hostel Area
42.59,70.31,18.46,1010.3,199.11,-94,2026-01-20T21:52:09.776940,Hostel Area
70.37,70.39,18.46,1010.28,198.99,-94,2026-01-20T21:52:14.134216,Hostel Area
51.85,70.35,18.45,1010.28,199.85,-94,2026-01-20T21:52:18.491015,Hostel Area
42.59,70.44,18.45,1010.28,198.03,-94,2026-01-20T21:52:22.848727,Hostel Area
42.59,70.45,18.43,1010.27,198.87,-94,2026-01-20T21:52:27.205349,Hostel Area
33.33,70.27,18.42,1010.28,199.48,-94,2026-01-20T21:52:31.563201,Hostel Area
70.37,70.06,18.41,1010.27,200.09,-94,2026-01-20T21:52:35.920659,Hostel Area
61.11,69.94,18.41,1010.28,200.46,-94,2026-01-20T21:52:40.277384,Hostel Area
33.33,69.83,18.4,1010.27,199.85,-94,2026-01-20T21:52:44.633909,Hostel Area
51.85,69.78,18.39,1010.28,199.97,-94,2026-01-20T21:52:48.991380,Hostel Area
51.85,69.74,18.38,1010.27,201.2,-94,2026-01-20T21:52:53.348813,Hostel Area
33.33,69.73,18.38,1010.27,201.2,-94,2026-01-20T21:52:57.705261,Hostel Area
51.85,69.75,18.37,1010.26,200.7,-94,2026-01-20T21:53:02.063097,Hostel Area
51.85,69.85,18.37,1010.28,200.46,-94,2026-01-20T21:53:06.420694,Hostel Area
51.85,70.07,18.37,1010.26,199.72,-94,2026-01-20T21:53:10.776585,Hostel Area
51.85,70.25,18.37,1010.27,199.72,-94,2026-01-20T21:53:15.134297,Hostel Area
14.81,70.27,18.37,1010.26,199.48,-94,2026-01-20T21:53:19.491284,Hostel Area
33.33,70.34,18.37,1010.27,198.51,-94,2026-01-20T21:53:23.848327,Hostel Area
42.59,70.44,18.37,1010.27,198.99,-94,2026-01-20T21:53:28.204572,Hostel Area
51.85,70.54,18.37,1010.28,199.11,-94,2026-01-20T21:53:32.563348,Hostel Area
42.59,70.57,18.37,1010.27,198.99,-94,2026-01-20T21:53:36.920290,Hostel Area
14.81,70.7,18.37,1010.28,198.63,-94,2026-01-20T21:53:41.278011,Hostel Area
33.33,70.67,18.37,1010.27,198.87,-94,2026-01-20T21:53:45.633962,Hostel Area
70.37,70.69,18.36,1010.28,198.63,-94,2026-01-20T21:53:49.991318,Hostel Area
70.37,70.7,18.36,1010.28,199.11,-94,2026-01-20T21:53:54.348536,Hostel Area
42.59,70.72,18.36,1010.27,198.39,-94,2026-01-20T21:53:58.705929,Hostel Area
51.85,70.77,18.36,1010.28,198.63,-94,2026-01-20T21:54:03.062824,Hostel Area
61.11,70.77,18.35,1010.27,198.15,-94,2026-01-20T21:54:07.420404,Hostel Area
42.59,70.77,18.35,1010.27,198.27,-94,2026-01-20T21:54:11.777719,Hostel Area
51.85,70.69,18.34,1010.28,197.79,-94,2026-01-20T21:54:16.134816,Hostel Area
51.85,70.68,18.33,1010.27,199.48,-94,2026-01-20T21:54:20.492118,Hostel Area
33.33,70.7,18.32,1010.27,199.24,-94,2026-01-20T21:54:24.848392,Hostel Area
33.33,70.75,18.32,1010.27,199.97,-94,2026-01-20T21:54:29.205533,Hostel Area
33.33,70.77,18.31,1010.28,198.99,-94,2026-01-20T21:54:33.563610,Hostel Area
51.85,70.81,18.3,1010.28,198.75,-94,2026-01-20T21:54:37.919514,Hostel Area
33.33,70.9,18.3,1010.28,198.03,-94,2026-01-20T21:54:42.276698,Hostel Area
51.85,70.9,18.3,1010.28,199.24,-94,2026-01-20T21:54:46.766894,Hostel Area
33.33,70.86,18.29,1010.27,200.46,-94,2026-01-20T21:54:51.123340,Hostel Area
51.85,70.89,18.29,1010.27,199.72,-94,2026-01-20T21:54:55.480563,Hostel Area
33.33,70.8,18.29,1010.28,198.99,-94,2026-01-20T21:54:59.838561,Hostel Area
14.81,70.72,18.28,1010.28,200.95,-94,2026-01-20T21:55:04.194832,Hostel Area
42.59,70.76,18.28,1010.28,199.24,-94,2026-01-20T21:55:08.552333,Hostel Area
33.33,70.69,18.27,1010.28,201.07,-94,2026-01-20T21:55:12.908301,Hostel Area
42.59,70.51,18.26,1010.27,201.82,-94,2026-01-20T21:55:17.266499,Hostel Area
51.85,70.34,18.25,1010.26,201.82,-94,2026-01-20T21:55:21.623785,Hostel Area
51.85,70.19,18.24,1010.26,201.69,-94,2026-01-20T21:55:25.981007,Hostel Area
33.33,70.02,18.24,1010.27,201.45,-94,2026-01-20T21:55:30.337131,Hostel Area
24.07,69.82,18.23,1010.27,203.45,-94,2026-01-20T21:55:34.694666,Hostel Area
14.81,69.59,18.22,1010.27,204.6,-94,2026-01-20T21:55:39.051454,Hostel Area
51.85,69.36,18.21,1010.27,203.58,-94,2026-01-20T21:55:43.409423,Hostel Area
51.85,69.29,18.21,1010.27,204.09,-94,2026-01-20T21:55:47.768369,Hostel Area
51.85,69.19,18.2,1010.28,205.37,-94,2026-01-20T21:55:52.123826,Hostel Area
70.37,69.08,18.18,1010.27,204.98,-94,2026-01-20T21:55:56.480463,Hostel Area
33.33,69.02,18.17,1010.27,205.37,-94,2026-01-20T21:56:00.837135,Hostel Area
33.33,69.05,18.16,1010.28,204.98,-94,2026-01-20T21:56:05.195244,Hostel Area
51.85,69.14,18.14,1010.29,203.32,-94,2026-01-20T21:56:09.552594,Hostel Area
33.33,69.28,18.13,1010.29,203.83,-94,2026-01-20T21:56:13.909500,Hostel Area
42.59,69.34,18.12,1010.29,204.98,-94,2026-01-20T21:56:18.266704,Hostel Area
51.85,69.32,18.11,1010.3,205.37,-94,2026-01-20T21:56:22.622412,Hostel Area
51.85,69.36,18.1,1010.29,204.6,-94,2026-01-20T21:56:26.981085,Hostel Area
33.33,69.53,18.09,1010.29,204.34,-94,2026-01-20T21:56:31.336938,Hostel Area
42.59,69.74,18.08,1010.28,204.09,-94,2026-01-20T21:56:35.695048,Hostel Area
51.85,69.93,18.07,1010.28,203.58,-94,2026-01-20T21:56:40.052698,Hostel Area
33.33,70.05,18.06,1010.3,204.85,-94,2026-01-20T21:56:44.408803,Hostel Area
33.33,70.06,18.04,1010.29,205.11,-94,2026-01-20T21:56:48.766485,Hostel Area
33.33,70.1,18.03,1010.3,205.5,-94,2026-01-20T21:56:53.124133,Hostel Area
33.33,70.45,18.03,1010.29,204.09,-94,2026-01-20T21:56:57.479924,Hostel Area
51.85,70.77,18.02,1010.29,202.95,-94,2026-01-20T21:57:01.837326,Hostel Area
14.81,71.03,18.01,1010.29,201.69,-94,2026-01-20T21:57:06.194838,Hostel Area
33.33,71.35,18.0,1010.29,201.32,-94,2026-01-20T21:57:10.551206,Hostel Area
42.59,71.69,18.0,1010.29,200.46,-94,2026-01-20T21:57:14.908856,Hostel Area
42.59,71.97,18.0,1010.29,200.83,-94,2026-01-20T21:57:19.265528,Hostel Area
33.33,72.25,18.0,1010.29,201.07,-94,2026-01-20T21:57:23.623045,Hostel Area
33.33,72.61,18.0,1010.29,199.85,-94,2026-01-20T21:57:27.980376,Hostel Area
33.33,72.9,18.01,1010.29,198.99,-94,2026-01-20T21:57:32.336995,Hostel Area
42.59,73.1,18.01,1010.29,199.85,-94,2026-01-20T21:57:36.693910,Hostel Area
33.33,73.22,18.02,1010.29,199.6,-94,2026-01-20T21:57:41.052438,Hostel Area
33.33,73.18,18.03,1010.29,198.75,-94,2026-01-20T21:57:45.409446,Hostel Area
42.59,73.09,18.03,1010.28,198.63,-94,2026-01-20T21:57:49.766291,Hostel Area
24.07,72.92,18.04,1010.28,199.97,-94,2026-01-20T21:57:54.123620,Hostel Area
33.33,72.76,18.05,1010.29,200.34,-94,2026-01-20T21:57:58.480100,Hostel Area
51.85,72.7,18.06,1010.28,199.97,-94,2026-01-20T21:58:02.838254,Hostel Area
42.59,72.74,18.06,1010.29,200.34,-94,2026-01-20T21:58:07.194735,Hostel Area
14.81,72.77,18.07,1010.28,199.6,-94,2026-01-20T21:58:11.551157,Hostel Area
24.07,72.83,18.07,1010.29,199.24,-94,2026-01-20T21:58:15.909058,Hostel Area
33.33,73.02,18.08,1010.28,198.99,-94,2026-01-20T21:58:20.267348,Hostel Area
51.85,73.26,18.08,1010.28,198.27,-94,2026-01-20T21:58:24.623218,Hostel Area
33.33,73.36,18.09,1010.28,198.99,-94,2026-01-20T21:58:28.980004,Hostel Area
33.33,73.38,18.09,1010.28,198.87,-94,2026-01-20T21:58:33.336988,Hostel Area
5.56,73.42,18.1,1010.28,198.27,-94,2026-01-20T21:58:37.694229,Hostel Area
42.59,73.53,18.11,1010.28,197.67,-94,2026-01-20T21:58:42.052238,Hostel Area
24.07,73.68,18.12,1010.29,197.19,-94,2026-01-20T21:58:46.408468,Hostel Area
33.33,73.66,18.13,1010.27,197.91,-94,2026-01-20T21:58:50.765577,Hostel Area
33.33,73.49,18.13,1010.27,198.39,-94,2026-01-20T21:58:55.123742,Hostel Area
33.33,73.34,18.13,1010.26,199.24,-94,2026-01-20T21:58:59.480217,Hostel Area
33.33,73.11,18.14,1010.28,199.72,-94,2026-01-20T21:59:03.837444,Hostel Area
33.33,72.87,18.14,1010.26,200.09,-94,2026-01-20T21:59:08.193794,Hostel Area
42.59,72.71,18.14,1010.27,199.11,-94,2026-01-20T21:59:12.551640,Hostel Area
24.07,72.67,18.14,1010.26,199.48,-94,2026-01-20T21:59:16.908922,Hostel Area
42.59,72.75,18.14,1010.24,200.34,-94,2026-01-20T21:59:21.266054,Hostel Area
42.59,72.76,18.14,1010.27,199.85,-94,2026-01-20T21:59:25.623488,Hostel Area
24.07,72.68,18.14,1010.27,199.85,-94,2026-01-20T21:59:29.980480,Hostel Area
42.59,72.51,18.14,1010.26,200.83,-94,2026-01-20T21:59:34.468922,Hostel Area
33.33,72.54,18.14,1010.26,200.46,-94,2026-01-20T21:59:38.826300,Hostel Area
33.33,72.64,18.15,1010.24,200.95,-94,2026-01-20T21:59:43.184002,Hostel Area
33.33,72.63,18.15,1010.25,199.11,-94,2026-01-20T21:59:47.540948,Hostel Area
33.33,72.7,18.15,1010.24,199.6,-94,2026-01-20T21:59:51.897893,Hostel Area
51.85,72.61,18.16,1010.25,199.36,-94,2026-01-20T21:59:56.255653,Hostel Area
24.07,72.69,18.16,1010.24,200.21,-94,2026-01-20T22:00:00.612410,Hostel Area
33.33,72.79,18.16,1010.24,199.24,-94,2026-01-20T22:00:04.968587,Hostel Area
33.33,72.89,18.16,1010.24,200.09,-94,2026-01-20T22:00:09.327139,Hostel Area
33.33,72.95,18.16,1010.24,200.46,-94,2026-01-20T22:00:13.683576,Hostel Area
24.07,73.05,18.16,1010.24,199.48,-94,2026-01-20T22:00:18.041634,Hostel Area
33.33,73.08,18.16,1010.24,199.36,-94,2026-01-20T22:00:22.398238,Hostel Area
51.85,73.19,18.17,1010.24,198.75,-94,2026-01-20T22:00:26.755421,Hostel Area
33.33,73.34,18.17,1010.24,199.11,-94,2026-01-20T22:00:31.111485,Hostel Area
42.59,73.48,18.17,1010.23,198.87,-94,2026-01-20T22:00:35.469201,Hostel Area
14.81,73.64,18.18,1010.23,197.79,-94,2026-01-20T22:00:39.827098,Hostel Area
33.33,73.78,18.18,1010.24,196.96,-94,2026-01-20T22:00:44.183135,Hostel Area
42.59,73.87,18.19,1010.23,198.51,-94,2026-01-20T22:00:48.541268,Hostel Area
24.07,73.93,18.19,1010.23,198.63,-94,2026-01-20T22:00:52.898427,Hostel Area
14.81,74.0,18.2,1010.23,196.84,-94,2026-01-20T22:00:57.255037,Hostel Area
42.59,74.24,18.21,1010.23,197.19,-94,2026-01-20T22:01:01.612473,Hostel Area
14.81,74.41,18.22,1010.23,196.48,-94,2026-01-20T22:01:05.969129,Hostel Area
42.59,74.61,18.24,1010.23,196.01,-94,2026-01-20T22:01:10.327656,Hostel Area
33.33,74.59,18.25,1010.23,196.01,-94,2026-01-20T22:01:14.683230,Hostel Area
51.85,74.61,18.26,1010.24,196.24,-94,2026-01-20T22:01:19.040531,Hostel Area
33.33,74.6,18.27,1010.24,195.66,-94,2026-01-20T22:01:23.397873,Hostel Area
33.33,74.57,18.29,1010.24,196.36,-94,2026-01-20T22:01:27.754811,Hostel Area
70.37,74.63,18.3,1010.24,194.96,-94,2026-01-20T22:01:32.112087,Hostel Area
33.33,74.68,18.31,1010.23,195.42,-94,2026-01-20T22:01:36.469474,Hostel Area
51.85,74.59,18.32,1010.24,196.13,-94,2026-01-20T22:01:40.825993,Hostel Area
33.33,74.51,18.33,1010.24,195.19,-94,2026-01-20T22:01:45.183446,Hostel Area
42.59,74.45,18.34,1010.25,195.54,-94,2026-01-20T22:01:49.540709,Hostel Area
98.15,74.5,18.35,1010.24,195.07,-94,2026-01-20T22:01:53.898020,Hostel Area
42.59,74.67,18.36,1010.24,194.84,-94,2026-01-20T22:01:58.256375,Hostel Area
33.33,74.75,18.37,1010.24,194.26,-94,2026-01-20T22:02:02.612456,Hostel Area
24.07,74.64,18.38,1010.25,194.96,-94,2026-01-20T22:02:06.969441,Hostel Area
33.33,74.47,18.38,1010.23,195.66,-94,2026-01-20T22:02:11.326056,Hostel Area
51.85,74.31,18.39,1010.25,195.07,-94,2026-01-20T22:02:15.683483,Hostel Area
42.59,74.37,18.41,1010.25,194.73,-94,2026-01-20T22:02:20.040355,Hostel Area
33.33,74.36,18.42,1010.26,195.66,-94,2026-01-20T22:02:24.398123,Hostel Area
51.85,74.03,18.43,1010.24,196.48,-95,2026-01-20T22:02:28.755199,Hostel Area
24.07,73.6,18.44,1010.25,197.07,-95,2026-01-20T22:02:33.112200,Hostel Area
33.33,73.28,18.46,1010.26,196.96,-94,2026-01-20T22:02:37.468808,Hostel Area
5.56,72.94,18.48,1010.26,197.67,-94,2026-01-20T22:02:41.825798,Hostel Area
51.85,72.65,18.49,1010.25,197.43,-94,2026-01-20T22:02:46.184031,Hostel Area
33.33,72.51,18.51,1010.25,198.03,-94,2026-01-20T22:02:50.540959,Hostel Area
51.85,72.31,18.52,1010.26,199.11,-94,2026-01-20T22:02:54.898929,Hostel Area
42.59,71.93,18.53,1010.26,199.72,-94,2026-01-20T22:02:59.255334,Hostel Area
24.07,71.67,18.53,1010.25,199.36,-94,2026-01-20T22:03:03.612929,Hostel Area
33.33,71.48,18.54,1010.26,200.09,-94,2026-01-20T22:03:07.969241,Hostel Area
33.33,71.36,18.55,1010.26,198.99,-94,2026-01-20T22:03:12.325648,Hostel Area
33.33,71.26,18.55,1010.25,200.46,-94,2026-01-20T22:03:16.683206,Hostel Area
51.85,71.17,18.56,1010.26,200.46,-94,2026-01-20T22:03:21.040358,Hostel Area
33.33,71.09,18.56,1010.26,199.85,-94,2026-01-20T22:03:25.398168,Hostel Area
33.33,71.08,18.57,1010.26,199.48,-95,2026-01-20T22:03:29.755823,Hostel Area
24.07,71.16,18.58,1010.25,199.11,-94,2026-01-20T22:03:34.112244,Hostel Area
5.56,71.26,18.58,1010.26,198.99,-94,2026-01-20T22:03:38.469158,Hostel Area
33.33,71.32,18.59,1010.25,198.39,-94,2026-01-20T22:03:42.826931,Hostel Area
42.59,71.39,18.59,1010.25,198.27,-94,2026-01-20T22:03:47.182735,Hostel Area
24.07,71.46,18.6,1010.26,198.51,-94,2026-01-20T22:03:51.540668,Hostel Area
33.33,71.49,18.61,1010.26,198.39,-94,2026-01-20T22:03:55.897836,Hostel Area
14.81,71.57,18.61,1010.26,196.72,-94,2026-01-20T22:04:00.254995,Hostel Area
42.59,71.61,18.62,1010.27,196.72,-94,2026-01-20T22:04:04.612370,Hostel Area
61.11,71.63,18.62,1010.26,197.19,-94,2026-01-20T22:04:08.968476,Hostel Area
24.07,71.66,18.63,1010.26,196.96,-94,2026-01-20T22:04:13.326486,Hostel Area
33.33,71.7,18.63,1010.27,197.19,-94,2026-01-20T22:04:17.683065,Hostel Area
144.44,71.67,18.64,1010.26,197.07,-94,2026-01-20T22:04:22.173594,Hostel Area
33.33,71.77,18.64,1010.26,196.72,-94,2026-01-20T22:04:26.529826,Hostel Area
33.33,71.99,18.65,1010.26,196.36,-94,2026-01-20T22:04:30.887096,Hostel Area
33.33,72.09,18.66,1010.25,195.31,-94,2026-01-20T22:04:35.244286,Hostel Area
42.59,72.17,18.67,1010.25,195.89,-94,2026-01-20T22:04:39.601710,Hostel Area
42.59,72.17,18.67,1010.24,195.77,-94,2026-01-20T22:04:43.958032,Hostel Area
33.33,72.17,18.68,1010.24,194.96,-94,2026-01-20T22:04:48.316036,Hostel Area
14.81,72.22,18.69,1010.24,195.31,-94,2026-01-20T22:04:52.673128,Hostel Area
33.33,72.17,18.7,1010.25,195.66,-94,2026-01-20T22:04:57.029915,Hostel Area
33.33,72.03,18.7,1010.24,195.77,-94,2026-01-20T22:05:01.387079,Hostel Area
51.85,71.89,18.71,1010.24,196.48,-94,2026-01-20T22:05:05.744558,Hostel Area
33.33,71.83,18.72,1010.26,196.01,-94,2026-01-20T22:05:10.101101,Hostel Area
33.33,71.72,18.72,1010.25,195.89,-94,2026-01-20T22:05:14.458376,Hostel Area
42.59,71.64,18.72,1010.27,195.66,-94,2026-01-20T22:05:18.814923,Hostel Area
42.59,71.61,18.72,1010.26,196.48,-94,2026-01-20T22:05:23.171977,Hostel Area
33.33,71.64,18.72,1010.25,196.36,-94,2026-01-20T22:05:27.529907,Hostel Area
33.33,71.75,18.72,1010.24,195.07,-94,2026-01-20T22:05:31.887355,Hostel Area
14.81,71.85,18.72,1010.25,195.42,-94,2026-01-20T22:05:36.244592,Hostel Area
51.85,71.87,18.72,1010.26,195.19,-94,2026-01-20T22:05:40.601611,Hostel Area
42.59,71.96,18.72,1010.26,194.73,-94,2026-01-20T22:05:44.958310,Hostel Area
24.07,72.04,18.72,1010.26,193.57,-94,2026-01-20T22:05:49.314152,Hostel Area
24.07,72.17,18.72,1010.27,193.46,-94,2026-01-20T22:05:53.672455,Hostel Area
42.59,72.35,18.72,1010.25,192.89,-94,2026-01-20T22:05:58.029551,Hostel Area
42.59,72.39,18.72,1010.27,194.15,-94,2026-01-20T22:06:02.387137,Hostel Area
42.59,72.31,18.71,1010.26,193.8,-94,2026-01-20T22:06:06.744016,Hostel Area
42.59,72.24,18.72,1010.26,194.03,-94,2026-01-20T22:06:11.101960,Hostel Area
42.59,72.13,18.72,1010.26,196.36,-94,2026-01-20T22:06:15.457494,Hostel Area
51.85,71.5,18.71,1010.26,198.27,-94,2026-01-20T22:06:19.815013,Hostel Area
51.85,70.71,18.7,1010.25,198.63,-94,2026-01-20T22:06:24.171175,Hostel Area
33.33,70.41,18.7,1010.25,198.51,-94,2026-01-20T22:06:28.529082,Hostel Area
42.59,70.37,18.7,1010.25,198.75,-94,2026-01-20T22:06:32.886564,Hostel Area
33.33,70.34,18.69,1010.27,198.27,-94,2026-01-20T22:06:37.244361,Hostel Area
42.59,70.38,18.68,1010.27,197.91,-94,2026-01-20T22:06:41.601257,Hostel Area
33.33,70.42,18.67,1010.27,199.72,-94,2026-01-20T22:06:45.958923,Hostel Area
51.85,70.36,18.65,1010.28,199.6,-94,2026-01-20T22:06:50.314997,Hostel Area
24.07,70.39,18.65,1010.29,197.91,-94,2026-01-20T22:06:54.672591,Hostel Area
33.33,70.6,18.64,1010.29,197.31,-94,2026-01-20T22:06:59.029292,Hostel Area
0.0,70.83,18.63,1010.28,195.54,-94,2026-01-20T22:07:03.386830,Hostel Area
33.33,71.23,18.63,1010.27,194.15,-94,2026-01-20T22:07:07.744445,Hostel Area
42.59,71.75,18.63,1010.28,192.55,-94,2026-01-20T22:07:12.101065,Hostel Area
14.81,72.18,18.63,1010.27,193.0,-94,2026-01-20T22:07:16.458000,Hostel Area
0.0,72.43,18.62,1010.28,192.77,-94,2026-01-20T22:07:20.815118,Hostel Area
33.33,72.7,18.63,1010.28,191.42,-94,2026-01-20T22:07:25.172169,Hostel Area
24.07,73.05,18.63,1010.28,190.41,-94,2026-01-20T22:07:29.529424,Hostel Area
33.33,73.48,18.64,1010.28,191.2,-94,2026-01-20T22:07:33.886136,Hostel Area
33.33,73.7,18.65,1010.27,189.97,-94,2026-01-20T22:07:38.243790,Hostel Area
14.81,73.66,18.66,1010.28,189.64,-94,2026-01-20T22:07:42.600220,Hostel Area
33.33,73.77,18.67,1010.27,190.64,-94,2026-01-20T22:07:46.958329,Hostel Area
51.85,73.8,18.69,1010.25,189.86,-94,2026-01-20T22:07:51.315607,Hostel Area
33.33,73.8,18.7,1010.26,188.98,-94,2026-01-20T22:07:55.671420,Hostel Area
24.07,73.79,18.71,1010.25,189.2,-94,2026-01-20T22:08:00.029328,Hostel Area
42.59,73.76,18.72,1010.26,188.77,-94,2026-01-20T22:08:04.386444,Hostel Area
33.33,73.83,18.73,1010.25,189.09,-94,2026-01-20T22:08:08.744308,Hostel Area
24.07,73.86,18.74,1010.25,188.22,-94,2026-01-20T22:08:13.100396,Hostel Area
33.33,73.79,18.75,1010.24,189.53,-94,2026-01-20T22:08:17.457697,Hostel Area
33.33,73.78,18.76,1010.24,187.9,-94,2026-01-20T22:08:21.814862,Hostel Area
33.33,73.79,18.77,1010.24,188.88,-94,2026-01-20T22:08:26.173969,Hostel Area
24.07,73.84,18.78,1010.24,188.01,-94,2026-01-20T22:08:30.529102,Hostel Area
51.85,73.91,18.79,1010.24,187.36,-94,2026-01-20T22:08:34.886715,Hostel Area
33.33,73.95,18.8,1010.24,187.15,-94,2026-01-20T22:08:39.244671,Hostel Area
33.33,73.94,18.81,1010.24,187.68,-94,2026-01-20T22:08:43.600998,Hostel Area
24.07,73.88,18.82,1010.25,187.47,-94,2026-01-20T22:08:47.957782,Hostel Area
24.07,73.84,18.83,1010.25,188.11,-94,2026-01-20T22:08:52.315184,Hostel Area
42.59,73.77,18.84,1010.24,188.01,-94,2026-01-20T22:08:56.672610,Hostel Area
42.59,73.65,18.84,1010.22,188.77,-94,2026-01-20T22:09:01.029716,Hostel Area
51.85,73.58,18.84,1010.24,188.44,-94,2026-01-20T22:09:05.386719,Hostel Area
51.85,73.54,18.85,1010.24,188.22,-94,2026-01-20T22:09:09.878378,Hostel Area
42.59,73.45,18.85,1010.23,188.55,-94,2026-01-20T22:09:14.233175,Hostel Area
51.85,73.34,18.86,1010.24,188.33,-94,2026-01-20T22:09:18.591227,Hostel Area
0.0,73.13,18.86,1010.24,191.42,-94,2026-01-20T22:09:22.947254,Hostel Area
24.07,72.67,18.86,1010.23,191.2,-94,2026-01-20T22:09:27.304577,Hostel Area
0.0,72.35,18.87,1010.24,191.31,-94,2026-01-20T22:09:31.660602,Hostel Area
33.33,72.23,18.87,1010.23,190.75,-94,2026-01-20T22:09:36.018572,Hostel Area
24.07,72.27,18.87,1010.22,190.41,-94,2026-01-20T22:09:40.374711,Hostel Area
33.33,72.31,18.88,1010.23,190.97,-94,2026-01-20T22:09:44.734394,Hostel Area
42.59,72.37,18.88,1010.23,190.08,-94,2026-01-20T22:09:49.090113,Hostel Area
24.07,72.33,18.88,1010.23,190.3,-94,2026-01-20T22:09:53.447996,Hostel Area
14.81,72.29,18.89,1010.22,190.41,-94,2026-01-20T22:09:57.804217,Hostel Area
24.07,72.27,18.89,1010.22,189.75,-94,2026-01-20T22:10:02.162065,Hostel Area
24.07,72.42,18.9,1010.22,189.97,-94,2026-01-20T22:10:06.518293,Hostel Area
33.33,72.46,18.91,1010.22,190.53,-94,2026-01-20T22:10:10.876226,Hostel Area
14.81,72.29,18.91,1010.21,191.76,-94,2026-01-20T22:10:15.233336,Hostel Area
42.59,72.03,18.91,1010.22,191.87,-94,2026-01-20T22:10:19.589951,Hostel Area
33.33,71.85,18.91,1010.23,191.31,-94,2026-01-20T22:10:23.947078,Hostel Area
33.33,71.73,18.91,1010.21,191.76,-94,2026-01-20T22:10:28.304924,Hostel Area
42.59,71.63,18.92,1010.23,192.66,-94,2026-01-20T22:10:32.660654,Hostel Area
33.33,71.53,18.92,1010.23,192.66,-94,2026-01-20T22:10:37.018009,Hostel Area
42.59,71.48,18.92,1010.23,191.87,-94,2026-01-20T22:10:41.375788,Hostel Area
33.33,71.64,18.92,1010.22,191.08,-94,2026-01-20T22:10:45.733175,Hostel Area
33.33,71.78,18.93,1010.23,190.86,-94,2026-01-20T22:10:50.091743,Hostel Area
33.33,71.83,18.93,1010.22,191.64,-94,2026-01-20T22:10:54.446828,Hostel Area
24.07,71.81,18.93,1010.22,191.31,-94,2026-01-20T22:10:58.804407,Hostel Area
24.07,71.71,18.93,1010.24,192.21,-94,2026-01-20T22:11:03.160742,Hostel Area
14.81,71.51,18.94,1010.24,193.8,-94,2026-01-20T22:11:07.518020,Hostel Area
33.33,70.85,18.93,1010.23,197.19,-94,2026-01-20T22:11:11.876273,Hostel Area
14.81,70.03,18.92,1010.23,198.51,-94,2026-01-20T22:11:16.232973,Hostel Area
33.33,69.36,18.92,1010.23,198.51,-94,2026-01-20T22:11:20.589803,Hostel Area
33.33,68.97,18.91,1010.23,199.85,-94,2026-01-20T22:11:24.947400,Hostel Area
33.33,68.61,18.9,1010.21,200.34,-94,2026-01-20T22:11:29.305026,Hostel Area
42.59,68.42,18.89,1010.21,199.97,-94,2026-01-20T22:11:33.661124,Hostel Area
51.85,68.33,18.87,1010.22,200.34,-94,2026-01-20T22:11:38.017823,Hostel Area
42.59,68.3,18.86,1010.22,199.24,-94,2026-01-20T22:11:42.374966,Hostel Area
33.33,68.63,18.85,1010.23,196.13,-94,2026-01-20T22:11:46.732480,Hostel Area
33.33,69.35,18.84,1010.22,195.89,-94,2026-01-20T22:11:51.089429,Hostel Area
42.59,70.03,18.83,1010.21,193.57,-94,2026-01-20T22:11:55.447193,Hostel Area
33.33,70.77,18.82,1010.21,192.77,-94,2026-01-20T22:11:59.804783,Hostel Area
33.33,71.39,18.82,1010.21,191.64,-94,2026-01-20T22:12:04.161245,Hostel Area
14.81,71.73,18.81,1010.21,193.12,-94,2026-01-20T22:12:08.520421,Hostel Area
24.07,71.64,18.8,1010.22,192.66,-94,2026-01-20T22:12:12.874464,Hostel Area
24.07,71.91,18.8,1010.22,191.76,-94,2026-01-20T22:12:17.232555,Hostel Area
33.33,72.23,18.79,1010.22,192.77,-94,2026-01-20T22:12:21.589956,Hostel Area
14.81,72.37,18.79,1010.22,191.08,-94,2026-01-20T22:12:25.947925,Hostel Area
51.85,72.6,18.79,1010.22,191.53,-94,2026-01-20T22:12:30.305008,Hostel Area
14.81,72.8,18.79,1010.22,191.31,-94,2026-01-20T22:12:34.661177,Hostel Area
14.81,72.93,18.79,1010.21,191.76,-94,2026-01-20T22:12:39.018277,Hostel Area
33.33,73.08,18.79,1010.22,190.64,-94,2026-01-20T22:12:43.375434,Hostel Area
33.33,73.17,18.79,1010.22,190.64,-94,2026-01-20T22:12:47.732296,Hostel Area
42.59,73.25,18.8,1010.23,191.08,-94,2026-01-20T22:12:52.089669,Hostel Area
33.33,73.31,18.8,1010.23,190.86,-94,2026-01-20T22:12:56.447507,Hostel Area
14.81,73.42,18.81,1010.22,190.19,-94,2026-01-20T22:13:00.804241,Hostel Area
33.33,73.52,18.81,1010.23,190.41,-94,2026-01-20T22:13:05.160913,Hostel Area
51.85,73.59,18.82,1010.23,190.53,-94,2026-01-20T22:13:09.518166,Hostel Area
24.07,73.63,18.83,1010.23,190.19,-94,2026-01-20T22:13:13.874742,Hostel Area
33.33,73.64,18.83,1010.23,190.08,-94,2026-01-20T22:13:18.232936,Hostel Area
14.81,73.64,18.84,1010.23,189.97,-94,2026-01-20T22:13:22.589403,Hostel Area
33.33,73.64,18.85,1010.23,190.19,-94,2026-01-20T22:13:26.946822,Hostel Area
33.33,73.63,18.85,1010.25,189.75,-94,2026-01-20T22:13:31.304333,Hostel Area
33.33,73.47,18.86,1010.24,190.53,-94,2026-01-20T22:13:35.661431,Hostel Area
42.59,73.08,18.86,1010.25,192.09,-94,2026-01-20T22:13:40.017251,Hostel Area
33.33,72.54,18.86,1010.24,192.43,-94,2026-01-20T22:13:44.375337,Hostel Area
24.07,72.22,18.86,1010.25,193.34,-94,2026-01-20T22:13:48.733405,Hostel Area
33.33,71.93,18.86,1010.25,193.46,-94,2026-01-20T22:13:53.089091,Hostel Area
33.33,71.79,18.87,1010.25,192.89,-94,2026-01-20T22:13:57.578856,Hostel Area
33.33,71.83,18.87,1010.25,193.8,-94,2026-01-20T22:14:01.936025,Hostel Area
14.81,71.65,18.87,1010.24,194.84,-94,2026-01-20T22:14:06.293087,Hostel Area
42.59,71.4,18.86,1010.25,194.73,-94,2026-01-20T22:14:10.649706,Hostel Area
33.33,71.26,18.86,1010.25,194.61,-94,2026-01-20T22:14:15.007046,Hostel Area
33.33,71.24,18.86,1010.24,193.92,-94,2026-01-20T22:14:19.365627,Hostel Area
24.07,71.46,18.87,1010.26,193.23,-94,2026-01-20T22:14:23.721669,Hostel Area
33.33,71.76,18.87,1010.25,193.92,-94,2026-01-20T22:14:28.078792,Hostel Area
33.33,71.78,18.87,1010.26,193.46,-94,2026-01-20T22:14:32.436001,Hostel Area
51.85,71.77,18.88,1010.25,193.46,-94,2026-01-20T22:14:36.791648,Hostel Area
24.07,71.73,18.88,1010.25,194.38,-94,2026-01-20T22:14:41.150342,Hostel Area
33.33,71.53,18.88,1010.26,194.96,-94,2026-01-20T22:14:45.507073,Hostel Area
24.07,71.17,18.88,1010.25,195.89,-94,2026-01-20T22:14:49.864338,Hostel Area
33.33,70.82,18.88,1010.25,195.89,-94,2026-01-20T22:14:54.221243,Hostel Area
42.59,70.56,18.88,1010.25,196.84,-94,2026-01-20T22:14:58.579120,Hostel Area
42.59,70.34,18.88,1010.26,196.6,-94,2026-01-20T22:15:02.937346,Hostel Area
33.33,70.41,18.88,1010.26,195.77,-94,2026-01-20T22:15:07.293018,Hostel Area
24.07,70.57,18.87,1010.25,195.31,-94,2026-01-20T22:15:11.650232,Hostel Area
51.85,70.7,18.87,1010.26,194.96,-94,2026-01-20T22:15:16.007357,Hostel Area
51.85,70.85,18.86,1010.24,193.92,-94,2026-01-20T22:15:20.363741,Hostel Area
33.33,71.07,18.86,1010.24,194.26,-94,2026-01-20T22:15:24.721071,Hostel Area
24.07,71.19,18.85,1010.26,194.84,-94,2026-01-20T22:15:29.078476,Hostel Area
33.33,71.3,18.85,1010.25,193.46,-94,2026-01-20T22:15:33.435450,Hostel Area
14.81,71.43,18.85,1010.26,194.26,-94,2026-01-20T22:15:37.792956,Hostel Area
14.81,71.48,18.85,1010.24,194.38,-94,2026-01-20T22:15:42.150084,Hostel Area
24.07,71.43,18.85,1010.24,194.96,-94,2026-01-20T22:15:46.506879,Hostel Area
42.59,71.33,18.85,1010.24,196.24,-94,2026-01-20T22:15:50.864642,Hostel Area
42.59,70.97,18.85,1010.25,197.55,-94,2026-01-20T22:15:55.221185,Hostel Area
33.33,70.53,18.85,1010.24,197.91,-94,2026-01-20T22:15:59.579384,Hostel Area
14.81,70.15,18.85,1010.25,199.11,-94,2026-01-20T22:16:03.936646,Hostel Area
24.07,69.89,18.85,1010.24,198.75,-94,2026-01-20T22:16:08.293319,Hostel Area
24.07,69.8,18.84,1010.25,199.11,-94,2026-01-20T22:16:12.650003,Hostel Area
14.81,69.65,18.84,1010.24,200.09,-94,2026-01-20T22:16:17.007103,Hostel Area
33.33,69.41,18.83,1010.25,199.97,-94,2026-01-20T22:16:21.364744,Hostel Area
33.33,69.24,18.83,1010.24,199.6,-94,2026-01-20T22:16:25.721978,Hostel Area
51.85,69.41,18.82,1010.24,198.27,-94,2026-01-20T22:16:30.077625,Hostel Area
33.33,69.69,18.82,1010.24,198.15,-94,2026-01-20T22:16:34.435685,Hostel Area
14.81,69.78,18.81,1010.24,198.99,-94,2026-01-20T22:16:38.792706,Hostel Area
0.0,69.66,18.81,1010.25,199.97,-94,2026-01-20T22:16:43.149024,Hostel Area
51.85,69.46,18.8,1010.23,200.95,-94,2026-01-20T22:16:47.507175,Hostel Area
33.33,69.31,18.8,1010.23,200.83,-95,2026-01-20T22:16:51.863415,Hostel Area
14.81,69.22,18.79,1010.24,200.21,-94,2026-01-20T22:16:56.220906,Hostel Area
5.56,69.33,18.79,1010.23,200.46,-94,2026-01-20T22:17:00.577958,Hostel Area
24.07,69.4,18.79,1010.22,199.72,-94,2026-01-20T22:17:04.934614,Hostel Area
24.07,69.59,18.78,1010.23,198.99,-94,2026-01-20T22:17:09.292907,Hostel Area
42.59,69.85,18.78,1010.22,196.96,-94,2026-01-20T22:17:13.649865,Hostel Area
33.33,70.37,18.78,1010.22,195.77,-94,2026-01-20T22:17:18.007282,Hostel Area
33.33,70.75,18.78,1010.22,196.01,-94,2026-01-20T22:17:22.362843,Hostel Area
5.56,70.92,18.78,1010.22,196.84,-95,2026-01-20T22:17:26.721470,Hostel Area
5.56,70.91,18.78,1010.23,197.19,-94,2026-01-20T22:17:31.078091,Hostel Area
70.37,70.86,18.79,1010.22,195.77,-95,2026-01-20T22:17:35.435801,Hostel Area
42.59,70.94,18.8,1010.23,196.36,-95,2026-01-20T22:17:39.793056,Hostel Area
51.85,70.99,18.8,1010.23,195.19,-95,2026-01-20T22:17:44.149644,Hostel Area
51.85,71.21,18.81,1010.22,194.15,-95,2026-01-20T22:17:48.506872,Hostel Area
70.37,71.47,18.82,1010.22,193.92,-95,2026-01-20T22:17:52.863144,Hostel Area
51.85,71.58,18.82,1010.22,193.57,-94,2026-01-20T22:17:57.221312,Hostel Area
70.37,71.71,18.83,1010.21,192.89,-94,2026-01-20T22:18:01.577663,Hostel Area
70.37,71.79,18.84,1010.21,192.77,-95,2026-01-20T22:18:05.935765,Hostel Area
42.59,71.79,18.84,1010.21,193.12,-94,2026-01-20T22:18:10.292922,Hostel Area
14.81,71.68,18.85,1010.22,194.03,-95,2026-01-20T22:18:14.651090,Hostel Area
42.59,71.6,18.86,1010.22,194.03,-95,2026-01-20T22:18:19.006850,Hostel Area
42.59,71.56,18.86,1010.21,192.55,-95,2026-01-20T22:18:23.363394,Hostel Area
33.33,71.67,18.87,1010.2,192.09,-95,2026-01-20T22:18:27.720191,Hostel Area
51.85,71.71,18.88,1010.21,194.26,-95,2026-01-20T22:18:32.077836,Hostel Area
61.11,71.4,18.88,1010.21,194.49,-94,2026-01-20T22:18:36.434786,Hostel Area
51.85,71.11,18.89,1010.2,196.01,-94,2026-01-20T22:18:40.791943,Hostel Area
51.85,70.74,18.9,1010.2,196.6,-94,2026-01-20T22:18:45.282150,Hostel Area
51.85,70.48,18.91,1010.21,197.31,-94,2026-01-20T22:18:49.637797,Hostel Area
42.59,70.08,18.91,1010.21,198.39,-94,2026-01-20T22:18:53.995755,Hostel Area
42.59,69.51,18.91,1010.2,201.07,-94,2026-01-20T22:18:58.352657,Hostel Area
51.85,68.76,18.91,1010.21,204.6,-94,2026-01-20T22:19:02.710201,Hostel Area
24.07,68.01,18.9,1010.19,205.5,-94,2026-01-20T22:19:07.066636,Hostel Area
51.85,67.39,18.89,1010.2,206.28,-94,2026-01-20T22:19:11.424761,Hostel Area
51.85,66.99,18.87,1010.21,205.11,-94,2026-01-20T22:19:15.781971,Hostel Area
51.85,66.84,18.86,1010.2,204.98,-94,2026-01-20T22:19:20.139403,Hostel Area
107.41,66.88,18.84,1010.19,204.21,-94,2026-01-20T22:19:24.496143,Hostel Area
51.85,67.01,18.82,1010.19,203.71,-94,2026-01-20T22:19:28.852811,Hostel Area
51.85,67.18,18.79,1010.19,203.83,-94,2026-01-20T22:19:33.210433,Hostel Area
33.33,67.24,18.76,1010.19,203.96,-94,2026-01-20T22:19:37.567236,Hostel Area
51.85,67.39,18.73,1010.18,203.2,-94,2026-01-20T22:19:41.925002,Hostel Area
51.85,67.68,18.71,1010.18,202.07,-94,2026-01-20T22:19:46.281792,Hostel Area
51.85,67.98,18.68,1010.18,202.7,-94,2026-01-20T22:19:50.638887,Hostel Area
42.59,68.24,18.66,1010.19,203.58,-94,2026-01-20T22:19:54.996617,Hostel Area
42.59,68.38,18.63,1010.22,203.45,-94,2026-01-20T22:19:59.353308,Hostel Area
51.85,68.48,18.61,1010.2,203.2,-94,2026-01-20T22:20:03.710816,Hostel Area
107.41,68.6,18.58,1010.21,203.32,-94,2026-01-20T22:20:08.067915,Hostel Area
61.11,68.69,18.56,1010.21,203.45,-94,2026-01-20T22:20:12.424792,Hostel Area
61.11,68.79,18.53,1010.21,202.95,-94,2026-01-20T22:20:16.783031,Hostel Area
51.85,69.03,18.52,1010.21,201.2,-94,2026-01-20T22:20:21.139287,Hostel Area
51.85,69.35,18.5,1010.22,201.45,-94,2026-01-20T22:20:25.496191,Hostel Area
42.59,69.48,18.47,1010.21,201.07,-94,2026-01-20T22:20:29.852378,Hostel Area
61.11,69.63,18.45,1010.21,201.57,-94,2026-01-20T22:20:34.210483,Hostel Area
42.59,69.78,18.43,1010.22,201.57,-94,2026-01-20T22:20:38.567948,Hostel Area
51.85,69.91,18.41,1010.21,201.94,-94,2026-01-20T22:20:42.925333,Hostel Area
42.59,70.04,18.39,1010.21,201.82,-94,2026-01-20T22:20:47.280785,Hostel Area
51.85,70.16,18.37,1010.21,201.94,-94,2026-01-20T22:20:51.639244,Hostel Area
51.85,70.26,18.36,1010.2,202.19,-94,2026-01-20T22:20:55.995838,Hostel Area
70.37,70.29,18.34,1010.21,202.7,-94,2026-01-20T22:21:00.352615,Hostel Area
24.07,70.28,18.33,1010.22,202.07,-94,2026-01-20T22:21:04.710257,Hostel Area
51.85,70.25,18.32,1010.22,204.6,-94,2026-01-20T22:21:09.068314,Hostel Area
42.59,70.18,18.3,1010.22,205.37,-94,2026-01-20T22:21:13.425738,Hostel Area
70.37,70.05,18.29,1010.21,206.28,-94,2026-01-20T22:21:17.781061,Hostel Area
33.33,69.87,18.27,1010.22,206.67,-94,2026-01-20T22:21:22.138526,Hostel Area
42.59,69.7,18.26,1010.22,208.12,-94,2026-01-20T22:21:26.496041,Hostel Area
61.11,69.41,18.24,1010.22,209.45,-94,2026-01-20T22:21:30.853000,Hostel Area
51.85,69.13,18.22,1010.22,208.91,-94,2026-01-20T22:21:35.210067,Hostel Area
70.37,69.18,18.2,1010.21,207.98,-94,2026-01-20T22:21:39.567181,Hostel Area
14.81,69.24,18.18,1010.22,208.25,-94,2026-01-20T22:21:43.925057,Hostel Area
51.85,69.28,18.17,1010.23,208.51,-94,2026-01-20T22:21:48.282300,Hostel Area
33.33,69.37,18.15,1010.22,208.25,-94,2026-01-20T22:21:52.639544,Hostel Area
24.07,69.39,18.13,1010.23,210.26,-94,2026-01-20T22:21:56.995860,Hostel Area
51.85,69.35,18.11,1010.26,209.72,-94,2026-01-20T22:22:01.352584,Hostel Area
51.85,69.43,18.09,1010.24,209.72,-94,2026-01-20T22:22:05.710008,Hostel Area
42.59,69.61,18.08,1010.25,208.25,-94,2026-01-20T22:22:10.067542,Hostel Area
33.33,69.76,18.06,1010.24,210.53,-94,2026-01-20T22:22:14.425554,Hostel Area
42.59,69.76,18.05,1010.25,207.72,-94,2026-01-20T22:22:18.781558,Hostel Area
42.59,69.86,18.03,1010.25,206.93,-94,2026-01-20T22:22:23.140345,Hostel Area
33.33,70.11,18.02,1010.25,207.32,-94,2026-01-20T22:22:27.495529,Hostel Area
51.85,70.29,18.01,1010.24,207.45,-94,2026-01-20T22:22:31.852331,Hostel Area
61.11,70.44,18.0,1010.25,206.8,-94,2026-01-20T22:22:36.210110,Hostel Area
33.33,70.64,17.99,1010.25,204.85,-94,2026-01-20T22:22:40.566871,Hostel Area
33.33,70.97,17.98,1010.25,205.76,-94,2026-01-20T22:22:44.924402,Hostel Area
42.59,71.29,17.98,1010.26,204.98,-94,2026-01-20T22:22:49.281011,Hostel Area
42.59,71.44,17.97,1010.25,205.76,-94,2026-01-20T22:22:53.638849,Hostel Area
61.11,71.51,17.96,1010.27,204.73,-94,2026-01-20T22:22:57.995197,Hostel Area
51.85,71.56,17.96,1010.25,202.95,-94,2026-01-20T22:23:02.352650,Hostel Area
42.59,71.82,17.96,1010.27,202.32,-94,2026-01-20T22:23:06.710293,Hostel Area
51.85,72.12,17.96,1010.26,201.82,-94,2026-01-20T22:23:11.067731,Hostel Area
51.85,72.3,17.96,1010.26,203.2,-94,2026-01-20T22:23:15.424348,Hostel Area
172.22,72.38,17.96,1010.26,203.71,-94,2026-01-20T22:23:19.780360,Hostel Area
61.11,72.31,17.97,1010.26,203.71,-94,2026-01-20T22:23:24.138267,Hostel Area
42.59,72.28,17.97,1010.25,202.95,-94,2026-01-20T22:23:28.495760,Hostel Area
14.81,72.37,17.97,1010.26,203.2,-99,2026-01-20T22:23:32.985377,Hostel Area
51.85,72.5,17.98,1010.25,203.83,-103,2026-01-20T22:23:37.343142,Hostel Area
51.85,72.56,17.98,1010.25,202.95,-104,2026-01-20T22:23:41.698307,Hostel Area
51.85,72.63,17.99,1010.24,201.32,-104,2026-01-20T22:23:46.055386,Hostel Area
51.85,72.74,17.99,1010.23,200.95,-104,2026-01-20T22:23:50.414080,Hostel Area
51.85,72.84,18.0,1010.24,200.46,-103,2026-01-20T22:23:54.771820,Hostel Area
51.85,72.97,18.0,1010.24,201.57,-104,2026-01-20T22:23:59.127804,Hostel Area
51.85,73.03,18.01,1010.24,200.95,-104,2026-01-20T22:24:03.484182,Hostel Area
33.33,72.43,18.03,1010.23,203.32,-104,2026-01-20T22:24:25.243988,Hostel Area
42.59,72.2,18.03,1010.24,204.73,-103,2026-01-20T22:24:29.601923,Hostel Area
42.59,71.91,18.03,1010.24,204.85,-104,2026-01-20T22:24:33.958744,Hostel Area
33.33,71.55,18.03,1010.25,206.67,-104,2026-01-20T22:24:38.314010,Hostel Area
42.59,71.2,18.02,1010.25,206.02,-104,2026-01-20T22:24:42.672494,Hostel Area
51.85,71.14,18.02,1010.24,205.63,-104,2026-01-20T22:24:47.029744,Hostel Area
33.33,71.21,18.02,1010.25,206.93,-104,2026-01-20T22:24:51.386902,Hostel Area
51.85,71.25,18.02,1010.23,205.37,-104,2026-01-20T22:24:55.744539,Hostel Area
61.11,71.29,18.02,1010.25,205.76,-104,2026-01-20T22:25:00.101281,Hostel Area
42.59,71.33,18.02,1010.24,205.76,-104,2026-01-20T22:25:04.458686,Hostel Area
51.85,71.35,18.02,1010.26,205.5,-104,2026-01-20T22:25:08.814604,Hostel Area
42.59,71.41,18.01,1010.26,205.11,-104,2026-01-20T22:25:13.172869,Hostel Area
51.85,71.56,18.01,1010.25,205.11,-104,2026-01-20T22:25:17.529765,Hostel Area
51.85,71.71,18.01,1010.25,203.71,-104,2026-01-20T22:25:21.886643,Hostel Area
51.85,71.83,18.01,1010.26,205.11,-104,2026-01-20T22:25:26.244397,Hostel Area
42.59,71.86,18.01,1010.27,204.73,-104,2026-01-20T22:25:30.600485,Hostel Area
51.85,71.99,18.01,1010.26,203.45,-104,2026-01-20T22:25:34.957961,Hostel Area
42.59,72.2,18.01,1010.26,203.58,-104,2026-01-20T22:25:39.315800,Hostel Area
42.59,72.15,18.0,1010.24,203.58,-104,2026-01-20T22:25:43.671938,Hostel Area
42.59,72.18,18.0,1010.25,202.44,-104,2026-01-20T22:25:48.029817,Hostel Area
42.59,72.25,18.0,1010.25,203.07,-104,2026-01-20T22:25:52.387285,Hostel Area
42.59,72.4,18.0,1010.25,201.45,-104,2026-01-20T22:25:56.744914,Hostel Area
51.85,72.61,18.0,1010.25,201.2,-104,2026-01-20T22:26:01.101892,Hostel Area
33.33,72.82,18.0,1010.26,199.97,-104,2026-01-20T22:26:05.458568,Hostel Area
14.81,72.95,18.0,1010.26,200.34,-104,2026-01-20T22:26:09.814597,Hostel Area
33.33,72.93,18.0,1010.25,200.83,-104,2026-01-20T22:26:14.173288,Hostel Area
33.33,72.83,18.0,1010.25,201.69,-104,2026-01-20T22:26:18.529498,Hostel Area
51.85,72.71,18.0,1010.26,202.32,-104,2026-01-20T22:26:22.887659,Hostel Area
61.11,72.62,18.0,1010.25,201.69,-104,2026-01-20T22:26:27.244771,Hostel Area
51.85,72.66,18.0,1010.25,200.7,-104,2026-01-20T22:26:31.601903,Hostel Area
42.59,72.8,18.01,1010.25,200.34,-104,2026-01-20T22:26:35.958479,Hostel Area
42.59,72.95,18.01,1010.24,201.07,-104,2026-01-20T22:26:40.316019,Hostel Area
42.59,73.05,18.01,1010.25,201.57,-104,2026-01-20T22:26:44.673448,Hostel Area
24.07,73.04,18.01,1010.26,201.32,-104,2026-01-20T22:26:49.029295,Hostel Area
33.33,73.0,18.02,1010.25,201.57,-104,2026-01-20T22:26:53.387942,Hostel Area
24.07,72.89,18.02,1010.25,204.47,-104,2026-01-20T22:26:57.744021,Hostel Area
42.59,72.62,18.02,1010.26,204.73,-104,2026-01-20T22:27:02.101288,Hostel Area
51.85,72.24,18.02,1010.25,206.41,-104,2026-01-20T22:27:06.458219,Hostel Area
51.85,71.93,18.03,1010.27,204.47,-104,2026-01-20T22:27:10.815397,Hostel Area
51.85,71.9,18.03,1010.24,204.6,-104,2026-01-20T22:27:15.171107,Hostel Area
24.07,71.85,18.03,1010.25,206.28,-103,2026-01-20T22:27:19.529253,Hostel Area
51.85,71.79,18.03,1010.25,204.98,-104,2026-01-20T22:27:24.019018,Hostel Area
42.59,71.7,18.03,1010.26,205.11,-104,2026-01-20T22:27:28.376073,Hostel Area
42.59,71.59,18.03,1010.24,206.02,-103,2026-01-20T22:27:32.732846,Hostel Area
42.59,71.59,18.03,1010.26,204.47,-103,2026-01-20T22:27:37.089678,Hostel Area
42.59,71.66,18.03,1010.25,204.98,-104,2026-01-20T22:27:41.448294,Hostel Area
33.33,71.78,18.02,1010.24,203.2,-104,2026-01-20T22:27:45.804247,Hostel Area
0.0,72.02,18.02,1010.25,201.45,-105,2026-01-20T22:27:50.161129,Hostel Area
135.19,72.19,18.02,1010.25,204.21,-107,2026-01-20T22:27:54.520013,Hostel Area
70.37,72.07,18.02,1010.24,207.32,-106,2026-01-20T22:27:58.875143,Hostel Area
51.85,71.61,18.01,1010.24,209.58,-107,2026-01-20T22:28:03.233203,Hostel Area
61.11,71.24,18.01,1010.25,207.85,-106,2026-01-20T22:28:07.589626,Hostel Area
70.37,71.21,18.01,1010.24,206.02,-107,2026-01-20T22:28:11.947311,Hostel Area
98.15,71.22,18.0,1010.24,205.76,-107,2026-01-20T22:28:16.304727,Hostel Area
51.85,71.26,18.0,1010.24,205.76,-107,2026-01-20T22:28:20.661746,Hostel Area
70.37,71.45,18.0,1010.23,204.85,-106,2026-01-20T22:28:25.018315,Hostel Area
33.33,71.65,18.0,1010.23,204.85,-107,2026-01-20T22:28:29.376122,Hostel Area
61.11,71.72,18.0,1010.24,204.85,-106,2026-01-20T22:28:33.733150,Hostel Area
42.59,71.71,18.0,1010.23,206.67,-107,2026-01-20T22:28:38.091043,Hostel Area
70.37,71.54,18.0,1010.24,206.41,-107,2026-01-20T22:28:42.446118,Hostel Area
61.11,71.34,18.0,1010.24,208.78,-106,2026-01-20T22:28:46.803710,Hostel Area
70.37,71.22,18.0,1010.25,207.72,-107,2026-01-20T22:28:51.161225,Hostel Area
61.11,70.97,17.99,1010.24,209.58,-107,2026-01-20T22:28:55.517960,Hostel Area
107.41,70.71,17.99,1010.23,209.18,-107,2026-01-20T22:28:59.876903,Hostel Area
0.0,70.57,17.98,1010.23,208.91,-107,2026-01-20T22:29:04.232433,Hostel Area
51.85,70.65,17.98,1010.22,206.41,-107,2026-01-20T22:29:08.590223,Hostel Area
